id,date,productId,productName,quantity,sellingPrice,purchasePrice,note,createdAt,updatedAt
69562ce817059,27-12-2025,67505725579ef,"Catseye 500gr",1,45000,32000,,1767255272,1767255828
69562ce817062,27-12-2025,6750572557a5f,"Classic chó nhỏ 400gr",2,18000,20200,,1767255272,1767255828
69562ce817065,27-12-2025,6750572557b7f,"Đồ chơi con cá",1,20000,15000,,1767255272,1767255828
69562ce817068,27-12-2025,6750572557910,"Bát đơn inox size 1",1,45000,21505,,1767255272,1767255828
69562ce81706b,27-12-2025,6750572557918,"Bát đơn inox size 2",1,55000,26565,,1767255272,1767255828
69562ce81706e,27-12-2025,6750572558049,"Vòng cổ zichen 1.0",1,20000,6000,,1767255272,1767255828
69562ce817070,27-12-2025,675057255803a,"Vòng cổ Policedog 2.0",1,40000,16000,,1767255272,1767255828
69562ce817073,27-12-2025,6750572557fd2,"Vaccine 7 bệnh",1,170000,92000,,1767255272,1767255828
69562ce817076,27-12-2025,6750572557dad,"Pate mèo gói Whiskas",56,13000,10000,,1767255272,1767255828
69562ce817079,27-12-2025,6750572557dad,"Pate mèo gói Whiskas",2,0,10000,,1767255272,1767255828
69562ce81707b,27-12-2025,67505725580c0,"Xịt nấm Fungikur",1,105000,75000,,1767255272,1767255828
69562ce81707e,27-12-2025,6750572557a57,"Classic chó lớn 400gr",1,23000,15700,,1767255272,1767255828
69562ce817081,27-12-2025,67505725580f0,"Zenith hạt mềm chó 500gr",2,85000,73333,,1767255272,1767255828
69562ce817083,27-12-2025,6750572557d75,"Pate chó mèo lon King's pet",2,42000,35000,,1767255272,1767255828
69562ce817086,27-12-2025,6750572557e87,"Smartheart pp 400gr",2,32000,25900,,1767255272,1767255828
69562ce817089,27-12-2025,6750572558049,"Vòng cổ zichen 1.0",1,20000,6000,,1767255272,1767255828
69562ce81708c,27-12-2025,67505725576ae,"Áo nỉ size M",1,55000,21700,,1767255272,1767255828
69562ce81708f,27-12-2025,6750572557dad,"Pate mèo gói Whiskas",1,13000,10000,,1767255272,1767255828
69562ce817091,27-12-2025,67505725580d0,"Xúc xích Taotao pet",7,3000,1440,,1767255272,1767255828
69562ce817094,27-12-2025,6750572557e65,Shizuka,2,2000,1000,,1767255272,1767255828
69562ce817097,27-12-2025,67505725579b6,"Cát Nhật ",4,55000,41000,,1767255272,1767255828
69562ce81709a,27-12-2025,675057255799f,"Cát đậu nành Catsrang",1,77000,70000,,1767255272,1767255828
69562ce81709c,27-12-2025,6750572557edd,"ST Pet Gel ",1,175000,145000,,1767255272,1767255828
69562ce81709f,27-12-2025,6750572557fd2,"Vaccine 7 bệnh",1,170000,92000,,1767255272,1767255828
69562ce8170a2,27-12-2025,6750572557990,"Bóng đồ chơi size nhỏ",1,20000,7900,,1767255272,1767255828
69562ce8170a4,27-12-2025,6750572557e96,"Smartheart Small 400gr",1,32000,25900,,1767255272,1767255828
69562ce8170a7,27-12-2025,6750572557a5f,"Classic chó nhỏ 400gr",1,18000,20200,,1767255272,1767255828
69562ce8170aa,27-12-2025,6750572557b8e,"DogSmile chó lớn 500gr",1,40000,28000,,1767255272,1767255828
69562ce8170ad,27-12-2025,67505725580e9,"Zenith hạt mềm chó 300gr",1,55000,47500,,1767255272,1767255828
69562ce8170af,27-12-2025,686655f7c1699,"Langlike 1kg",2,80000,65000,,1767255272,1767255828
69562f144a5bd,27-12-2025,6750572557fda,"Vaccine dại",1,30000,18000,,1767255828,1767255828
695630bf5a3cc,28-12-2025,67505725579b6,"Cát Nhật ",1,55000,41000,,1767256255,1767257393
695630bf5a3d4,28-12-2025,6750572557f0c,"Súp thưởng Wanpy nắp vặn",1,20000,13500,,1767256255,1767257393
695630bf5a3d7,28-12-2025,6750572557cbd,"Minino Tuna 480gr",1,30000,24940,,1767256255,1767257393
695630bf5a3da,28-12-2025,6750572557fca,"Vaccine 5 bệnh",1,150000,97000,,1767256255,1767257393
695630bf5a3dd,28-12-2025,6750572557dad,"Pate mèo gói Whiskas",1,13000,10000,,1767256255,1767257393
695630bf5a3e0,28-12-2025,6750572557ab8,"Dây chuyền vàng lớn",1,40000,22000,,1767256255,1767257393
695630bf5a3e3,28-12-2025,6750572557f73,"Thuốc nhỏ mắt Genta",1,20000,8631,,1767256255,1767257393
695630bf5a3e6,28-12-2025,67505725580e9,"Zenith hạt mềm chó 300gr",4,52500,47500,,1767256255,1767257393
695630bf5a3e8,28-12-2025,6750572557d26,"Nhỏ gáy Spreadline cho mèo 0.3ml",1,90000,55800,,1767256255,1767257393
695630bf5a3eb,28-12-2025,6750572557dad,"Pate mèo gói Whiskas",3,13000,10000,,1767256255,1767257393
695630bf5a3ee,28-12-2025,6750572557dc5,"Pate mèo lon Whiskas",1,40000,32800,,1767256255,1767257393
695630bf5a3f1,28-12-2025,67505725579f7,"Catsrang 1kg",3,90000,80400,,1767256255,1767257393
695630bf5a3f3,28-12-2025,6750572557e96,"Smartheart Small 400gr",1,32000,25900,,1767256255,1767257393
695630bf5a3f6,28-12-2025,6750572557b87,"DogSmile chó con 500gr",1,45000,30000,,1767256255,1767257393
695630bf5a3f9,28-12-2025,6750572557ed6,"ST Oliver",1,50000,27000,,1767256255,1767257393
695630bf5a3fc,28-12-2025,6750572557fd2,"Vaccine 7 bệnh",2,170000,92000,,1767256255,1767257393
695630bf5a3ff,28-12-2025,6750572557ba7,"Eto Modex 2-4kg",1,95000,49600,,1767256255,1767257393
695630bf5a402,28-12-2025,67505725579af,"Cát Min",1,55000,38000,,1767256255,1767257393
695630bf5a404,28-12-2025,67505725580a9,"Xẻng xúc cát lớn",1,20000,6500,,1767256255,1767257393
695630bf5a407,28-12-2025,6750572557d8e,"Pate mèo gói Nekko ",1,0,13900,,1767256255,1767257393
695630bf5a40a,28-12-2025,6750572557e6c,"Smartheart bò 1.5kg",1,95000,77000,,1767256255,1767257393
695630bf5a40c,28-12-2025,6750572557e96,"Smartheart Small 400gr",1,32000,25900,,1767256255,1767257393
695630bf5a40f,28-12-2025,6750572557ca6,"Me-O mèo lớn 350gr",1,28000,22750,,1767256255,1767257393
695630bf5a412,28-12-2025,6750572557dad,"Pate mèo gói Whiskas",28,13000,10000,,1767256255,1767257393
695630bf5a415,28-12-2025,6750572557990,"Bóng đồ chơi size nhỏ",1,20000,7900,,1767256255,1767257393
695630bf5a417,28-12-2025,6750572557b8e,"DogSmile chó lớn 500gr",1,40000,28000,,1767256255,1767257393
695630bf5a41a,28-12-2025,67505725579b6,"Cát Nhật ",1,55000,41000,,1767256255,1767257393
695634a1a63cb,29-12-2025,67505725579b6,"Cát Nhật ",1,55000,41000,,1767257249,1767257393
695634a1a63d3,29-12-2025,68665612bae83,"Langlike 500gr",2,43000,37500,,1767257249,1767257393
695634a1a63d7,29-12-2025,6750572557ca6,"Me-O mèo lớn 350gr",1,28000,22750,,1767257249,1767257393
695634a1a63da,29-12-2025,67505725580d0,"Xúc xích Taotao pet",30,2166.67,1440,,1767257249,1767257393
695634a1a63dd,29-12-2025,67505725579b6,"Cát Nhật ",1,55000,41000,,1767257249,1767257393
695634a1a63e0,29-12-2025,6750572557dad,"Pate mèo gói Whiskas",2,13000,10000,,1767257249,1767257393
695634a1a63e2,29-12-2025,6750572557a2f,"Chuồng sơn tĩnh điện size M",1,365000,315000,,1767257249,1767257393
695634a1a63e5,29-12-2025,6750572557e87,"Smartheart pp 400gr",1,32000,25900,,1767257249,1767257393
695634a1a63e8,29-12-2025,6750572557ee5,"ST SOS ",1,90000,70000,,1767257249,1767257393
695634a1a63eb,29-12-2025,6858c151f0b6b,"Mr. Vet mèo T3",1,0,110000,,1767257249,1767257393
695634a1a63ee,29-12-2025,675057255816e,"Catpy 1kg",1,0,78000,,1767257249,1767257393
695634a1a63f1,29-12-2025,675057255799f,"Cát đậu nành Catsrang",1,0,70000,,1767257249,1767257393
695634a1a63f3,29-12-2025,6750572557e96,"Smartheart Small 400gr",1,32000,25900,,1767257249,1767257393
695634a1a63f6,29-12-2025,6750572557cbd,"Minino Tuna 480gr",2,30000,24940,,1767257249,1767257393
695634a1a63f9,29-12-2025,6750572557ccf,"Minino yum salmon 350gr",1,28000,22600,,1767257249,1767257393
695634a1a63fc,29-12-2025,6750572557ef5,"Sữa Bio",2,35000,26500,,1767257249,1767257393
695634a1a63fe,29-12-2025,67505725580e9,"Zenith hạt mềm chó 300gr",2,55000,47500,,1767257249,1767257393
695634a1a6401,29-12-2025,6750572557e87,"Smartheart pp 400gr",2,32000,25900,,1767257249,1767257393
695634a1a6404,29-12-2025,6750572557c2f,"Kem bôi nấm thảo dược cho chó",1,129000,83850,,1767257249,1767257393
695634a1a6407,29-12-2025,6750572557f3c,"Tả Bỉm đực size M",2,9000,6670,,1767257249,1767257393
695634a1a6409,29-12-2025,67505725579b6,"Cát Nhật ",1,55000,41000,,1767257249,1767257393
695634a1a640c,29-12-2025,67505725579af,"Cát Min",2,55000,38000,,1767257249,1767257393
695634a1a640f,29-12-2025,683fb3bf9a6bd,"Mr. Vet mèo T1",2,125000,94000,,1767257249,1767257393
695634a1a6412,29-12-2025,6750572557dc5,"Pate mèo lon Whiskas",2,40000,32800,,1767257249,1767257393
695634a1a6415,29-12-2025,6761af9b784da,"Thịt sấy khô lishi hộp không trứng",1,160000,90000,,1767257249,1767257393
695634a1a6417,29-12-2025,6750572558049,"Vòng cổ zichen 1.0",2,20000,6000,,1767257249,1767257393
695634a1a641a,29-12-2025,6750572557c76,"Lò xo con chuột",1,25000,9000,,1767257249,1767257393
695634a1a641d,29-12-2025,67505725579f7,"Catsrang 1kg",1,90000,80400,,1767257249,1767257393
695634a1a6420,29-12-2025,6750572557d8e,"Pate mèo gói Nekko ",1,0,13900,,1767257249,1767257393
695634a1a6423,29-12-2025,67505725579f7,"Catsrang 1kg",1,90000,80400,,1767257249,1767257393
6956375ef1c49,30-12-2025,67505725579f7,"Catsrang 1kg",1,90000,80400,,1767257950,1767257950
6956375ef1c51,30-12-2025,6750572558146,"Gà viên sấy khô Lishi 500g",1,180000,125000,,1767257950,1767257950
6956375ef1c55,30-12-2025,6750572557b9e,"Eto Modex 10-25kg",1,145000,74400,,1767257950,1767257950
6956375ef1c58,30-12-2025,6750572557af0,"Dây dắt mèo trơn",1,40000,13000,,1767257950,1767257950
6956375ef1c5b,30-12-2025,6750572557ca6,"Me-O mèo lớn 350gr",1,28000,22750,,1767257950,1767257950
6956375ef1c5d,30-12-2025,6750572557fd2,"Vaccine 7 bệnh",1,170000,92000,,1767257950,1767257950
6956375ef1c60,30-12-2025,683fb3bf9a6bd,"Mr. Vet mèo T1",1,125000,94000,,1767257950,1767257950
6956375ef1c63,30-12-2025,67505725580d0,"Xúc xích Taotao pet",10,3000,1440,,1767257950,1767257950
6956375ef1c66,30-12-2025,683fb6d34f722,"Súp thưởng Mr. Vet mèo (4thanh)",1,20000,7200,,1767257950,1767257950
6956375ef1c69,30-12-2025,67c6683f0548c,"Wanpy (5thanh)",1,30000,18000,,1767257950,1767257950
6956375ef1c6b,30-12-2025,6750572557ca6,"Me-O mèo lớn 350gr",3,28000,22750,,1767257950,1767257950
6956375ef1c6e,30-12-2025,68527c933e440,"Áo thun gân size 2XL",1,65000,20000,,1767257950,1767257950
6956375ef1c71,30-12-2025,67624458c98a2,"Vòng cổ kèm chuông đại size S",1,35000,12000,,1767257950,1767257950
6956375ef1c74,30-12-2025,67505725579a7,"Cát Happy",1,100000,86000,,1767257950,1767257950
6956375ef1c77,30-12-2025,6750572557d8e,"Pate mèo gói Nekko ",20,17000,13900,,1767257950,1767257950
6956375ef1c79,30-12-2025,67505725580c8,"Xịt viêm da mủ Fabricil",1,100000,75000,,1767257950,1767257950
6956375ef1c7c,30-12-2025,67505725579e7,"Catseye 1kg",1,85000,64000,,1767257950,1767257950
6956375ef1c7f,30-12-2025,67505725579d0,"Cat's On 1kg",1,70000,55500,,1767257950,1767257950
6956375ef1c82,30-12-2025,6750572557dad,"Pate mèo gói Whiskas",1,13000,10000,,1767257950,1767257950
6956375ef1c85,30-12-2025,6750572557f04,"Sữa Feline",1,56000,34720,,1767257950,1767257950
6956375ef1c88,30-12-2025,675057255796f,"Bình sữa nhỏ",1,35000,20000,,1767257950,1767257950
6956375ef1c8a,30-12-2025,6750572557d8e,"Pate mèo gói Nekko ",1,17000,13900,,1767257950,1767257950
6956375ef1c8d,30-12-2025,675057255788f,"Apro 500gr",1,28000,21500,,1767257950,1767257950
6956375ef1c95,30-12-2025,6750572557cbd,"Minino Tuna 480gr",1,30000,24940,,1767257950,1767257950
6956375ef1c98,30-12-2025,6750572557ca6,"Me-O mèo lớn 350gr",4,28000,22750,,1767257950,1767257950
6956375ef1c9b,30-12-2025,6750572557bef,"Ganador chó lớn vị cá hồi",2,26000,18060,,1767257950,1767257950
6956375ef1c9d,30-12-2025,6750572557e5d,"Royal Kitten/ Mother&baby cat 400gr",1,140000,120000,,1767257950,1767257950
6956375ef1ca0,30-12-2025,683fb6d34f722,"Súp thưởng Mr. Vet mèo (4thanh)",1,20000,7200,,1767257950,1767257950
6956375ef1ca3,30-12-2025,6750572557fda,"Vaccine dại",2,30000,18000,,1767257950,1767257950
6956375ef1ca6,30-12-2025,67505725579b6,"Cát Nhật ",1,55000,41000,,1767257950,1767257950
6956375ef1ca9,30-12-2025,6750572557d8e,"Pate mèo gói Nekko ",1,0,13900,,1767257950,1767257950
69563992ac374,31-12-2025,6750572557be7,"Ganador chó lớn vị bò nướng",2,23000,15000,,1767258514,1767258514
69563992ac37c,31-12-2025,686655f7c1699,"Langlike 1kg",1,80000,65000,,1767258514,1767258514
69563992ac380,31-12-2025,6750572557dad,"Pate mèo gói Whiskas",28,13000,10000,,1767258514,1767258514
69563992ac383,31-12-2025,67505725579af,"Cát Min",1,55000,38000,,1767258514,1767258514
69563992ac386,31-12-2025,6750572557a5f,"Classic chó nhỏ 400gr",1,18000,20200,,1767258514,1767258514
69563992ac389,31-12-2025,68665612bae83,"Langlike 500gr",1,43000,37500,,1767258514,1767258514
69563992ac38b,31-12-2025,6750572557ac8,"Dây cổ zichen 1.0",1,40000,13500,,1767258514,1767258514
69563992ac38e,31-12-2025,67505725579b6,"Cát Nhật ",1,55000,41000,,1767258514,1767258514
69563992ac391,31-12-2025,6750572557e96,"Smartheart Small 400gr",1,32000,25900,,1767258514,1767258514
69563992ac394,31-12-2025,675057255812f,"Xịt viêm da Hanvet",1,40000,21000,,1767258514,1767258514
69563992ac397,31-12-2025,6750572558099,"Whiskas 1+/2-12 (1,1kg/1,2kg)",1,110000,100000,,1767258514,1767258514
69563992ac39a,31-12-2025,6858c151f0b6b,"Mr. Vet mèo T3",1,140000,110000,,1767258514,1767258514
69563992ac39d,31-12-2025,6750572557d8e,"Pate mèo gói Nekko ",2,17000,13900,,1767258514,1767258514
69563992ac3a0,31-12-2025,6869e5fc67b1e,"Pate mèo gói Mr. Vet",2,12000,7600,,1767258514,1767258514
69563992ac3a3,31-12-2025,6750572558090,"Whiskas 1+ 400gr",3,37000,29000,,1767258514,1767258514
69563992ac3a6,31-12-2025,68527c933e440,"Áo thun gân size 2XL",1,65000,20000,,1767258514,1767258514
69563992ac3a9,31-12-2025,6750572557f73,"Thuốc nhỏ mắt Genta",1,20000,8631,,1767258514,1767258514
69563992ac3ab,31-12-2025,6750572557f3c,"Tả Bỉm đực size M",4,9000,6670,,1767258514,1767258514
69563992ac3ae,31-12-2025,6750572557b96,"Dung dịch vệ sinh tai ",1,80000,49600,,1767258514,1767258514
69563992ac3b1,31-12-2025,695224d95e12c,"Áo thun gân size 4XL",1,75000,30000,,1767258514,1767258514
69591eb2bef7a,01-01-2026,67505725579b6,"Cát Nhật ",1,55000,41000,,1767448242,1767448242
69591eb2bef82,01-01-2026,67505725579f7,"Catsrang 1kg",1,90000,80400,,1767448242,1767448242
69591eb2bef85,01-01-2026,6750572557e96,"Smartheart Small 400gr",1,32000,25900,,1767448242,1767448242
69591eb2bef88,01-01-2026,6750572557ca6,"Me-O mèo lớn 350gr",1,28000,22750,,1767448242,1767448242
69591eb2bef8b,01-01-2026,67505725580d0,"Xúc xích Taotao pet",5,0,1440,,1767448242,1767448242
69591eb2bef8d,01-01-2026,675057255799f,"Cát đậu nành Catsrang",1,0,70000,,1767448242,1767448242
69591eb2bef90,01-01-2026,6750572557d8e,"Pate mèo gói Nekko ",2,0,13900,,1767448242,1767448242
69591eb2bef93,01-01-2026,67505725580e1,"Xương Orgo",1,25000,17500,,1767448242,1767448242
69591eb2bef96,01-01-2026,67505725579b6,"Cát Nhật ",2,55000,41000,,1767448242,1767448242
69591eb2bef98,01-01-2026,6750572557e65,Shizuka,1,0,1000,,1767448242,1767448242
69591eb2bef9b,01-01-2026,6750572557d8e,"Pate mèo gói Nekko ",1,17000,13900,,1767448242,1767448242
69591eb2bef9e,01-01-2026,6750572557d75,"Pate chó mèo lon King's pet",1,42000,35000,,1767448242,1767448242
69591eb2befa1,01-01-2026,6750572558090,"Whiskas 1+ 400gr",1,37000,29000,,1767448242,1767448242
69591eb2befa3,01-01-2026,6750572557e65,Shizuka,5,2000,1000,,1767448242,1767448242
69591eb2befa6,01-01-2026,6952252a23457,"Áo thun gân size 5XL",2,75000,30000,,1767448242,1767448242
69591eb2befa9,01-01-2026,6750572557d8e,"Pate mèo gói Nekko ",5,17000,13900,,1767448242,1767448242
69591eb2befab,01-01-2026,6750572557baf,"Eto Modex 4-10kg",1,105000,53733,,1767448242,1767448242
69591eb2befae,01-01-2026,6750572558099,"Whiskas 1+/2-12 (1,1kg/1,2kg)",1,110000,100000,,1767448242,1767448242
69591eb2befb1,01-01-2026,6750572557f0c,"Súp thưởng Wanpy nắp vặn",1,20000,13500,,1767448242,1767448242
69591eb2befb3,01-01-2026,675057255805a,"Vòng loa chống liếm số 1",1,65000,39000,,1767448242,1767448242
69591eb2befb6,01-01-2026,6750572557b57,"Dây yếm zichen 1.0",1,45000,18000,,1767448242,1767448242
69591ffa08a75,01-01-2026,68527c42bdedb,"Áo thun gân size M",1,50000,20000,,1767448570,1767448570
6959229c2e5de,02-01-2026,68527cb6bf377,"Áo thun gân size 3XL",1,70000,20000,,1767449244,1767449244
6959229c2e5e6,02-01-2026,6750572558146,"Gà viên sấy khô Lishi 500g",1,180000,125000,,1767449244,1767449244
6959229c2e5e9,02-01-2026,67505725579af,"Cát Min",7,50000,38000,,1767449244,1767449244
6959229c2e5ec,02-01-2026,6750572557cbd,"Minino Tuna 480gr",1,30000,24940,,1767449244,1767449244
6959229c2e5ef,02-01-2026,6750572557ca6,"Me-O mèo lớn 350gr",1,28000,22750,,1767449244,1767449244
6959229c2e5f2,02-01-2026,67505725580d0,"Xúc xích Taotao pet",2,0,1440,,1767449244,1767449244
6959229c2e5f5,02-01-2026,6750572557e65,Shizuka,10,2000,1000,,1767449244,1767449244
6959229c2e5f7,02-01-2026,6750572557e96,"Smartheart Small 400gr",1,32000,25900,,1767449244,1767449244
6959229c2e5fa,02-01-2026,67505725580e1,"Xương Orgo",2,25000,17500,,1767449244,1767449244
6959229c2e5fd,02-01-2026,6750572557ca6,"Me-O mèo lớn 350gr",2,28000,22750,,1767449244,1767449244
6959229c2e600,02-01-2026,6750572558099,"Whiskas 1+/2-12 (1,1kg/1,2kg)",1,110000,100000,,1767449244,1767449244
6959229c2e603,02-01-2026,6750572557baf,"Eto Modex 4-10kg",2,105000,53733,,1767449244,1767449244
6959229c2e605,02-01-2026,6750572557e65,Shizuka,16,2000,1000,,1767449244,1767449244
6959229c2e608,02-01-2026,67505725579f7,"Catsrang 1kg",1,90000,80400,,1767449244,1767449244
6959229c2e60b,02-01-2026,6750572557ca6,"Me-O mèo lớn 350gr",1,28000,22750,,1767449244,1767449244
6959229c2e60d,02-01-2026,6750572557ac8,"Dây cổ zichen 1.0",1,40000,13500,,1767449244,1767449244
6959229c2e610,02-01-2026,67505725579d0,"Cat's On 1kg",1,70000,55500,,1767449244,1767449244
6959229c2e613,02-01-2026,6869e5fc67b1e,"Pate mèo gói Mr. Vet",1,12000,7600,,1767449244,1767449244
6959229c2e615,02-01-2026,683fb42016c78,"Mymeo 500g",1,32000,24500,,1767449244,1767449244
6959229c2e618,02-01-2026,675057255788f,"Apro 500gr",2,28000,21500,,1767449244,1767449244
6959229c2e61b,02-01-2026,67505725579f7,"Catsrang 1kg",1,90000,80400,,1767449244,1767449244
6959229c2e61e,02-01-2026,6750572557cdf,"Minino yum seafood 350gr",1,27000,22000,,1767449244,1767449244
6959229c2e620,02-01-2026,6750572557ccf,"Minino yum salmon 350gr",2,28000,22600,,1767449244,1767449244
6959229c2e623,02-01-2026,6750572557cbd,"Minino Tuna 480gr",1,30000,24940,,1767449244,1767449244
6959229c2e626,02-01-2026,67505725580d0,"Xúc xích Taotao pet",30,2166.67,1440,,1767449244,1767449244
6959229c2e628,02-01-2026,6750572557baf,"Eto Modex 4-10kg",1,105000,53733,,1767449244,1767449244
695925cda6785,03-01-2026,6750572557d8e,"Pate mèo gói Nekko ",1,17000,13900,,1767450061,1767450061
695925cda678d,03-01-2026,6750572557a00,"Catsrang 500gr",1,48000,40200,,1767450061,1767450061
695925cda6791,03-01-2026,6750572557cbd,"Minino Tuna 480gr",1,30000,24940,,1767450061,1767450061
695925cda6794,03-01-2026,67505725580d0,"Xúc xích Taotao pet",5,3000,1440,,1767450061,1767450061
695925cda6796,03-01-2026,6750572557bd6,"Ganador chó con vị sữa & DHA",1,28000,21120,,1767450061,1767450061
695925cda6799,03-01-2026,693fd655bcc12,"Vòng cổ may mắn",2,35000,20000,,1767450061,1767450061
695925cda679c,03-01-2026,6750572557fda,"Vaccine dại",2,20000,18000,,1767450061,1767450061
695925cda679f,03-01-2026,68527c5aa03ff,"Áo thun gân size L",1,35000,20000,,1767450061,1767450061
695925cda67a1,03-01-2026,67505725580d0,"Xúc xích Taotao pet",2,3000,1440,,1767450061,1767450061
695925cda67a4,03-01-2026,6750572557ca6,"Me-O mèo lớn 350gr",1,28000,22750,,1767450061,1767450061
695925cda67a7,03-01-2026,6750572557fda,"Vaccine dại",1,30000,18000,,1767450061,1767450061
695925cda67a9,03-01-2026,675057255797f,"Bộ kiềm dũa cắt móng",1,50000,25000,,1767450061,1767450061
695925cda67ac,03-01-2026,693fd655bcc12,"Vòng cổ may mắn",1,45000,20000,,1767450061,1767450061
695925cda67af,03-01-2026,6858c151f0b6b,"Mr. Vet mèo T3",1,0,110000,,1767450061,1767450061
695925cda67b1,03-01-2026,6750572558166,"Catpy 500g",1,0,39000,,1767450061,1767450061
695925cda67b4,03-01-2026,6750572557d8e,"Pate mèo gói Nekko ",2,17000,13900,,1767450061,1767450061
695925cda67b7,03-01-2026,6750572557fda,"Vaccine dại",1,30000,18000,,1767450061,1767450061
695925cda67ba,03-01-2026,67505725581d6,"Que gặm DoggyMan",1,50000,39750,,1767450061,1767450061
695925cda67bc,03-01-2026,67505725580e1,"Xương Orgo",1,20000,17500,,1767450061,1767450061
695925cda67bf,03-01-2026,6750572557ac8,"Dây cổ zichen 1.0",1,40000,13500,,1767450061,1767450061
695925cda67c2,03-01-2026,6750572557e65,Shizuka,10,2000,1000,,1767450061,1767450061
695925cda67c4,03-01-2026,6750572557fda,"Vaccine dại",1,30000,18000,,1767450061,1767450061
695925cda67c7,03-01-2026,67505725580d0,"Xúc xích Taotao pet",13,3000,1440,,1767450061,1767450061
695925cda67ca,03-01-2026,6750572557dad,"Pate mèo gói Whiskas",2,13000,10000,,1767450061,1767450061
695925cda67cd,03-01-2026,6750572557d6d,"Pate chó lon Smartheart",1,39000,32000,,1767450061,1767450061
695925cda67cf,03-01-2026,6750572557d7d,"Pate mèo gói Me-O",1,15000,10800,,1767450061,1767450061
695925cda67d2,03-01-2026,67505725579ef,"Catseye 500gr",1,45000,32000,,1767450061,1767450061
695925cda67d5,03-01-2026,68665612bae83,"Langlike 500gr",1,43000,37500,,1767450061,1767450061
695925cda67d7,03-01-2026,6750572557f3c,"Tả Bỉm đực size M",1,9000,6670,,1767450061,1767450061
695925cda67da,03-01-2026,6869e5fc67b1e,"Pate mèo gói Mr. Vet",4,12000,7600,,1767450061,1767450061
695925cda67dd,03-01-2026,67505725581d6,"Que gặm DoggyMan",1,50000,39750,,1767450061,1767450061
695925cda67e0,03-01-2026,6750572557dbe,"Pate mèo lon Snappy Tom",1,38000,29000,,1767450061,1767450061
695925cda67e2,03-01-2026,6750572557e87,"Smartheart pp 400gr",1,32000,25900,,1767450061,1767450061
695925cda67e5,03-01-2026,686655cd5db7c,"Langlike 5kg",1,350000,325000,,1767450061,1767450061
695925cda67e8,03-01-2026,6750572557b9e,"Eto Modex 10-25kg",3,145000,74400,,1767450061,1767450061
695925cda67ea,03-01-2026,67505725580e1,"Xương Orgo",3,25000,17500,,1767450061,1767450061
695b391d0e622,04-01-2026,6750572557d7d,"Pate mèo gói Me-O",1,15000,10800,,1767586077,1767586077
695b391d0e62a,04-01-2026,6750572557d8e,"Pate mèo gói Nekko ",1,0,13900,,1767586077,1767586077
695b391d0e62d,04-01-2026,6750572557dad,"Pate mèo gói Whiskas",2,13000,10000,,1767586077,1767586077
695b391d0e630,04-01-2026,6750572557d8e,"Pate mèo gói Nekko ",2,17000,13900,,1767586077,1767586077
695b391d0e633,04-01-2026,67505725579f7,"Catsrang 1kg",1,90000,80400,,1767586077,1767586077
695b391d0e636,04-01-2026,6750572557e5d,"Royal Kitten/ Mother&baby cat 400gr",1,140000,120000,,1767586077,1767586077
695b391d0e638,04-01-2026,6750572558049,"Vòng cổ zichen 1.0",1,20000,6000,,1767586077,1767586077
695b391d0e63b,04-01-2026,6750572557f0c,"Súp thưởng Wanpy nắp vặn",1,20000,13500,,1767586077,1767586077
695b391d0e63e,04-01-2026,6750572558146,"Gà viên sấy khô Lishi 500g",1,180000,125000,,1767586077,1767586077
695b391d0e641,04-01-2026,67505725579b6,"Cát Nhật ",2,55000,41000,,1767586077,1767586077
695b391d0e643,04-01-2026,686655f7c1699,"Langlike 1kg",2,80000,65000,,1767586077,1767586077
695b391d0e646,04-01-2026,6750572557cbd,"Minino Tuna 480gr",1,30000,24940,,1767586077,1767586077
695b391d0e649,04-01-2026,675057255799f,"Cát đậu nành Catsrang",1,77000,70000,,1767586077,1767586077
695b391d0e64b,04-01-2026,67505725579a7,"Cát Happy",1,100000,86000,,1767586077,1767586077
695b391d0e64e,04-01-2026,67505725579f7,"Catsrang 1kg",2,90000,80400,,1767586077,1767586077
695b391d0e651,04-01-2026,6952262f44f35,"Súp thưởng Langlike",2,0,0,,1767586077,1767586077
695b391d0e654,04-01-2026,6750572557dad,"Pate mèo gói Whiskas",30,13000,10000,,1767586077,1767586077
695b391d0e656,04-01-2026,6750572557fd2,"Vaccine 7 bệnh",1,170000,92000,,1767586077,1767586077
695b391d0e659,04-01-2026,6750572557ca6,"Me-O mèo lớn 350gr",2,28000,22750,,1767586077,1767586077
695b391d0e65c,04-01-2026,6750572557fda,"Vaccine dại",1,30000,18000,,1767586077,1767586077
695b391d0e65e,04-01-2026,6750572557e96,"Smartheart Small 400gr",1,32000,25900,,1767586077,1767586077
695b391d0e661,04-01-2026,6750572557d8e,"Pate mèo gói Nekko ",1,0,13900,,1767586077,1767586077
695b391d0e664,04-01-2026,6750572557d8e,"Pate mèo gói Nekko ",2,17000,13900,,1767586077,1767586077
695b391d0e667,04-01-2026,686655f7c1699,"Langlike 1kg",2,80000,65000,,1767586077,1767586077
695b391d0e669,04-01-2026,6750572557b96,"Dung dịch vệ sinh tai ",1,0,49600,,1767586077,1767586077
695b391d0e66c,04-01-2026,675057255799f,"Cát đậu nành Catsrang",1,0,70000,,1767586077,1767586077
695b391d0e66f,04-01-2026,67505725579b6,"Cát Nhật ",1,0,41000,,1767586077,1767586077
695b391d0e671,04-01-2026,6750572557c4e,"Khăn tắm lớn",1,0,35120,,1767586077,1767586077
695b391d0e674,04-01-2026,6750572558137,"Pate chó gói Smartheart",2,18000,14400,,1767586077,1767586077
695f560bd33b6,05-01-2026,6864a4ca23290,"Dây dắt kèm yếm vải jean size L",1,70000,38000,,1767855627,1767855627
695f560bd33be,05-01-2026,67505725579af,"Cát Min",1,55000,38000,,1767855627,1767855627
695f560bd33c2,05-01-2026,67505725581c6,"Dây chuyền bạc lớn",1,40000,22000,,1767855627,1767855627
695f560bd33c5,05-01-2026,67505725581ce,"Dây chuyền bạc nhỏ",1,35000,18000,,1767855627,1767855627
695f560bd33c7,05-01-2026,6750572557ed6,"ST Oliver",1,50000,27000,,1767855627,1767855627
695f560bd33cc,05-01-2026,683fb3bf9a6bd,"Mr. Vet mèo T1",1,125000,94000,,1767855627,1767855627
695f560bd33cf,05-01-2026,67505725580d0,"Xúc xích Taotao pet",1,3000,1440,,1767855627,1767855627
695f560bd33d2,05-01-2026,6750572557dad,"Pate mèo gói Whiskas",2,13000,10000,,1767855627,1767855627
695f560bd33d4,05-01-2026,6750572557f0c,"Súp thưởng Wanpy nắp vặn",1,20000,13500,,1767855627,1767855627
695f560bd33d7,05-01-2026,6750572557ca6,"Me-O mèo lớn 350gr",4,28000,22750,,1767855627,1767855627
695f560bd33da,05-01-2026,6750572557be7,"Ganador chó lớn vị bò nướng",1,23000,15000,,1767855627,1767855627
695f560bd33dd,05-01-2026,693fd655bcc12,"Vòng cổ may mắn",1,45000,20000,,1767855627,1767855627
695f560bd33df,05-01-2026,6750572557ba7,"Eto Modex 2-4kg",1,95000,49600,,1767855627,1767855627
695f560bd33e2,05-01-2026,6750572557e87,"Smartheart pp 400gr",1,32000,25900,,1767855627,1767855627
695f560bd33e5,05-01-2026,6750572557c9e,"Me-O mèo con 400gr",1,45000,39000,,1767855627,1767855627
695f560bd33e8,05-01-2026,67505725580a1,"Whiskas 2-12 450gr",1,52000,50000,,1767855627,1767855627
695f560bd33ea,05-01-2026,6750572557c76,"Lò xo con chuột",1,25000,9000,,1767855627,1767855627
695f560bd33ed,05-01-2026,6750572557b7f,"Đồ chơi con cá",1,25000,15000,,1767855627,1767855627
695f560bd33f0,05-01-2026,6952260fdab74,"Mr. Vet mèo T2",1,135000,105000,,1767855627,1767855627
695f560bd33f3,05-01-2026,6750572557d8e,"Pate mèo gói Nekko ",2,0,13900,,1767855627,1767855627
695f560bd33f5,05-01-2026,6750572557a00,"Catsrang 500gr",1,48000,40200,,1767855627,1767855627
695f560bd33f8,05-01-2026,6750572557fc2,"Vaccine 4 bệnh",1,230000,100000,,1767855627,1767855627
695f560bd33fb,05-01-2026,6858c151f0b6b,"Mr. Vet mèo T3",1,140000,110000,,1767855627,1767855627
695f560bd33fd,05-01-2026,67505725579b6,"Cát Nhật ",1,55000,41000,,1767855627,1767855627
695f560bd3400,05-01-2026,67505725580e1,"Xương Orgo",1,20000,17500,,1767855627,1767855627
695f593d16fdc,06-01-2026,6750572557ca6,"Me-O mèo lớn 350gr",1,28000,22750,,1767856445,1767856445
695f593d16fe4,06-01-2026,675057255788f,"Apro 500gr",2,28000,21500,,1767856445,1767856445
695f593d16fe7,06-01-2026,67505725579af,"Cát Min",1,55000,38000,,1767856445,1767856445
695f593d16fea,06-01-2026,6750572557f6c,"Thịt sấy khô ",1,20000,11700,,1767856445,1767856445
695f593d16fed,06-01-2026,67505725579f7,"Catsrang 1kg",1,90000,80400,,1767856445,1767856445
695f593d16ff0,06-01-2026,6750572557a00,"Catsrang 500gr",1,48000,40200,,1767856445,1767856445
695f593d16ff3,06-01-2026,6750572558090,"Whiskas 1+ 400gr",1,37000,29000,,1767856445,1767856445
695f593d16ff6,06-01-2026,675057255788f,"Apro 500gr",1,28000,21500,,1767856445,1767856445
695f593d16ff8,06-01-2026,6750572557f6c,"Thịt sấy khô ",1,20000,11700,,1767856445,1767856445
695f593d16ffb,06-01-2026,67505725580d0,"Xúc xích Taotao pet",30,2166.67,1440,,1767856445,1767856445
695f593d16ffe,06-01-2026,67505725579d7,"Cat's On 500g",1,38000,27750,,1767856445,1767856445
695f593d17001,06-01-2026,675057255788f,"Apro 500gr",1,28000,21500,,1767856445,1767856445
695f593d17003,06-01-2026,6750572557a1f,"Chuông hình thú nhỏ",1,20000,6500,,1767856445,1767856445
695f593d17006,06-01-2026,6952222db9577,"Áo thun gân có tay size XS ",1,45000,25000,,1767856445,1767856445
695f593d17009,06-01-2026,67505725579b6,"Cát Nhật ",1,55000,41000,,1767856445,1767856445
695f593d1700c,06-01-2026,6750572557dad,"Pate mèo gói Whiskas",3,13000,10000,,1767856445,1767856445
695f593d1700f,06-01-2026,68665612bae83,"Langlike 500gr",1,43000,37500,,1767856445,1767856445
695f593d17012,06-01-2026,67505725578a0,"Balo Hello Cat",1,195000,135000,,1767856445,1767856445
695f593d17014,06-01-2026,6750572557d8e,"Pate mèo gói Nekko ",1,0,13900,,1767856445,1767856445
695f593d17017,06-01-2026,675057255799f,"Cát đậu nành Catsrang",1,0,70000,,1767856445,1767856445
695f593d1701a,06-01-2026,686655f7c1699,"Langlike 1kg",1,80000,65000,,1767856445,1767856445
695f5a56b7031,07-01-2026,67505725579f7,"Catsrang 1kg",1,90000,80400,,1767856726,1767856726
695f5a56b703a,07-01-2026,6750572557b8e,"DogSmile chó lớn 500gr",1,40000,28000,,1767856726,1767856726
695f5a56b703d,07-01-2026,675057255788f,"Apro 500gr",1,28000,21500,,1767856726,1767856726
695f5a56b7040,07-01-2026,6750572557b57,"Dây yếm zichen 1.0",1,45000,18000,,1767856726,1767856726
695f5a56b7043,07-01-2026,67505725580e1,"Xương Orgo",2,25000,17500,,1767856726,1767856726
695f5a56b7046,07-01-2026,67505725580d0,"Xúc xích Taotao pet",6,3000,1440,,1767856726,1767856726
695f5a56b7049,07-01-2026,68665612bae83,"Langlike 500gr",1,43000,37500,,1767856726,1767856726
695f5a56b704b,07-01-2026,6750572557e87,"Smartheart pp 400gr",1,32000,25900,,1767856726,1767856726
695f5a56b704f,07-01-2026,6750572557d6d,"Pate chó lon Smartheart",2,39000,32000,,1767856726,1767856726
695f5a56b7051,07-01-2026,6750572557d5e,"Pate chó gói Pedigree 80gr",2,0,9500,,1767856726,1767856726
695f5a56b7054,07-01-2026,67505725579f7,"Catsrang 1kg",1,90000,80400,,1767856726,1767856726
695f5a56b7057,07-01-2026,67505725580d0,"Xúc xích Taotao pet",30,2166.67,1440,,1767856726,1767856726
695f5a56b705a,07-01-2026,6750572558146,"Gà viên sấy khô Lishi 500g",1,180000,125000,,1767856726,1767856726
695f5a56b705d,07-01-2026,6750572557f6c,"Thịt sấy khô ",1,20000,11700,,1767856726,1767856726
695f5a56b705f,07-01-2026,67505725579a7,"Cát Happy",1,100000,86000,,1767856726,1767856726
695f5a56b7062,07-01-2026,6750572557ca6,"Me-O mèo lớn 350gr",1,28000,22750,,1767856726,1767856726
695f5a56b7065,07-01-2026,6750572557fd2,"Vaccine 7 bệnh",1,170000,92000,,1767856726,1767856726
695f5a56b7068,07-01-2026,6750572557dad,"Pate mèo gói Whiskas",6,13000,10000,,1767856726,1767856726
695f5a56b706b,07-01-2026,67505725579b6,"Cát Nhật ",1,55000,41000,,1767856726,1767856726
695f5a56b706d,07-01-2026,6750572557e87,"Smartheart pp 400gr",2,32000,25900,,1767856726,1767856726
695f5a56b7070,07-01-2026,6750572557ac8,"Dây cổ zichen 1.0",1,40000,13500,,1767856726,1767856726
695f5a56b7073,07-01-2026,67505725579b6,"Cát Nhật ",6,50000,41000,,1767856726,1767856726
696072482d63c,08-01-2026,68f85580f2796,"Áo liền quần có tay size L",1,80000,38000,,1767928392,1767928392
696072482d644,08-01-2026,67505725579f7,"Catsrang 1kg",1,90000,80400,,1767928392,1767928392
696072482d648,08-01-2026,6750572557cbd,"Minino Tuna 480gr",1,30000,24940,,1767928392,1767928392
696072482d64b,08-01-2026,6750572557e5d,"Royal Kitten/ Mother&baby cat 400gr",1,140000,120000,,1767928392,1767928392
696072482d64e,08-01-2026,67505725579b6,"Cát Nhật ",1,55000,41000,,1767928392,1767928392
696072482d651,08-01-2026,6750572557baf,"Eto Modex 4-10kg",1,105000,53733,,1767928392,1767928392
696072482d653,08-01-2026,67505725579f7,"Catsrang 1kg",1,90000,80400,,1767928392,1767928392
696072482d656,08-01-2026,67505725579b6,"Cát Nhật ",1,55000,41000,,1767928392,1767928392
696072482d659,08-01-2026,68665612bae83,"Langlike 500gr",1,43000,37500,,1767928392,1767928392
696072482d65c,08-01-2026,6750572557d8e,"Pate mèo gói Nekko ",2,17000,13900,,1767928392,1767928392
696072482d65f,08-01-2026,6750572557ee5,"ST SOS ",1,90000,70000,,1767928392,1767928392
696072482d661,08-01-2026,67505725579f7,"Catsrang 1kg",1,90000,80400,,1767928392,1767928392
696072482d664,08-01-2026,6750572557fd2,"Vaccine 7 bệnh",2,170000,92000,,1767928392,1767928392
696072482d667,08-01-2026,6750572557fda,"Vaccine dại",1,30000,18000,,1767928392,1767928392
696072482d66a,08-01-2026,6750572557baf,"Eto Modex 4-10kg",2,105000,53733,,1767928392,1767928392
696072482d66d,08-01-2026,6750572557f6c,"Thịt sấy khô ",1,20000,11700,,1767928392,1767928392
696072482d670,08-01-2026,683fb3bf9a6bd,"Mr. Vet mèo T1",1,125000,94000,,1767928392,1767928392
696072482d672,08-01-2026,67505725580e1,"Xương Orgo",1,25000,17500,,1767928392,1767928392
696072482d675,08-01-2026,683fb3f1bb8a5,"Mr. Vet chó D1",1,140000,110000,,1767928392,1767928392
696072482d678,08-01-2026,6750572557e5d,"Royal Kitten/ Mother&baby cat 400gr",1,140000,120000,,1767928392,1767928392
696072482d67b,08-01-2026,6750572557e35,"Rọ mõm da M",1,60000,40000,,1767928392,1767928392
696072482d67d,08-01-2026,67505725579b6,"Cát Nhật ",2,55000,41000,,1767928392,1767928392
696072482d680,08-01-2026,68e3788a023ac,earsol,1,120000,77.4000,,1767928392,1767928392
696072482d683,08-01-2026,6750572557ca6,"Me-O mèo lớn 350gr",2,28000,22750,,1767928392,1767928392
696072482d686,08-01-2026,6750572557ccf,"Minino yum salmon 350gr",1,28000,22600,,1767928392,1767928392
696072482d689,08-01-2026,67505725579f7,"Catsrang 1kg",1,90000,80400,,1767928392,1767928392
696072482d68b,08-01-2026,68527c5aa03ff,"Áo thun gân size L",1,55000,20000,,1767928392,1767928392
696072482d68e,08-01-2026,695224d95e12c,"Áo thun gân size 4XL",1,70000,30000,,1767928392,1767928392
69646e78b2c84,09-01-2026,686655f7c1699,"Langlike 1kg",4,80000,65000,,1768189560,1768189560
69646e78b2c8c,09-01-2026,6750572557f73,"Thuốc nhỏ mắt Genta",1,0,8631,,1768189560,1768189560
69646e78b2c90,09-01-2026,67505725579b6,"Cát Nhật ",3,55000,41000,,1768189560,1768189560
69646e78b2c93,09-01-2026,67505725579f7,"Catsrang 1kg",1,90000,80400,,1768189560,1768189560
69646e78b2c95,09-01-2026,6750572557be7,"Ganador chó lớn vị bò nướng",1,23000,15000,,1768189560,1768189560
69646e78b2c98,09-01-2026,6750572557a57,"Classic chó lớn 400gr",1,23000,15700,,1768189560,1768189560
69646e78b2c9b,09-01-2026,6750572557e96,"Smartheart Small 400gr",1,32000,25900,,1768189560,1768189560
69646e78b2c9e,09-01-2026,6750572557cd7,"Minino yum seafood 1.5kg",2,115000,92400,,1768189560,1768189560
69646e78b2ca1,09-01-2026,683fb3f1bb8a5,"Mr. Vet chó D1",1,140000,110000,,1768189560,1768189560
69646e78b2ca3,09-01-2026,6750572557d8e,"Pate mèo gói Nekko ",1,0,13900,,1768189560,1768189560
69646e78b2ca6,09-01-2026,68abee88065a4,"Xương gặm da bò (4 cây)",1,45000,21000,,1768189560,1768189560
69646e78b2ca9,09-01-2026,67505725580e1,"Xương Orgo",2,25000,17500,,1768189560,1768189560
69646e78b2cac,09-01-2026,6750572557efd,"Sữa Canine",2,53000,32860,,1768189560,1768189560
69646e78b2cae,09-01-2026,6750572557e6c,"Smartheart bò 1.5kg",1,95000,77000,,1768189560,1768189560
69646e78b2cb1,09-01-2026,6750572557eee,"ST Vime trong",1,70000,43400,,1768189560,1768189560
69646e78b2cb4,09-01-2026,6750572557fd2,"Vaccine 7 bệnh",2,170000,92000,,1768189560,1768189560
69646e78b2cb7,09-01-2026,6750572557f0c,"Súp thưởng Wanpy nắp vặn",1,20000,13500,,1768189560,1768189560
69646e78b2cb9,09-01-2026,67505725580d0,"Xúc xích Taotao pet",3,3000,1440,,1768189560,1768189560
69646e78b2cbc,09-01-2026,6750572558146,"Gà viên sấy khô Lishi 500g",1,180000,125000,,1768189560,1768189560
69646e78b2cbf,09-01-2026,6761af9b784da,"Thịt sấy khô lishi hộp không trứng",2,160000,90000,,1768189560,1768189560
69646e78b2cc2,09-01-2026,69607b76ec541,"Men gói VMD",3,7000,4000,,1768189560,1768189560
69646e78b2cc4,09-01-2026,6750572557bf7,"Ganador chó lớn vị cừu & gạo",1,23000,16720,,1768189560,1768189560
69646e78b2cc7,09-01-2026,67505725579b6,"Cát Nhật ",1,55000,41000,,1768189560,1768189560
69646e78b2cca,09-01-2026,6750572558166,"Catpy 500g",1,53000,39000,,1768189560,1768189560
69646e78b2ccc,09-01-2026,68f852c0aed2a,"Nệm họa tiết vải canvas size S",1,70000,40000,,1768189560,1768189560
69646e78b2ccf,09-01-2026,6750572557a00,"Catsrang 500gr",2,48000,40200,,1768189560,1768189560
69646e78b2cd2,09-01-2026,6750572557d75,"Pate chó mèo lon King's pet",1,42000,35000,,1768189560,1768189560
69646e78b2cd5,09-01-2026,6750572557dad,"Pate mèo gói Whiskas",28,13000,10000,,1768189560,1768189560
69646e78b2cd7,09-01-2026,675057255799f,"Cát đậu nành Catsrang",1,0,70000,,1768189560,1768189560
69646e78b2cda,09-01-2026,6750572557ca6,"Me-O mèo lớn 350gr",1,28000,22750,,1768189560,1768189560
69646e78b2cdd,09-01-2026,67505725579af,"Cát Min",2,55000,38000,,1768189560,1768189560
69646e78b2ce0,09-01-2026,6750572557b8e,"DogSmile chó lớn 500gr",1,40000,28000,,1768189560,1768189560
69646e78b2ce2,09-01-2026,6750572558049,"Vòng cổ zichen 1.0",1,20000,6000,,1768189560,1768189560
69647083bfedd,10-01-2026,67505725579f7,"Catsrang 1kg",1,90000,80400,,1768190083,1768190083
69647083bfee5,10-01-2026,695224d95e12c,"Áo thun gân size 4XL",1,70000,30000,,1768190083,1768190083
69647083bfee9,10-01-2026,68527c933e440,"Áo thun gân size 2XL",1,65000,20000,,1768190083,1768190083
69647083bfeeb,10-01-2026,6750572557727,"Áo thun cổ chun size XL",1,55000,15000,,1768190083,1768190083
69647083bfeef,10-01-2026,6750572557b57,"Dây yếm zichen 1.0",1,45000,18000,,1768190083,1768190083
69647083bfef1,10-01-2026,6750572557ca6,"Me-O mèo lớn 350gr",2,28000,22750,,1768190083,1768190083
69647083bfef4,10-01-2026,67505725580d0,"Xúc xích Taotao pet",30,2166.67,1440,,1768190083,1768190083
69647083bfef7,10-01-2026,6750572558090,"Whiskas 1+ 400gr",1,37000,29000,,1768190083,1768190083
69647083bfefa,10-01-2026,6750572557fd2,"Vaccine 7 bệnh",1,170000,92000,,1768190083,1768190083
69647083bfefc,10-01-2026,68aacc21dc253,"Bát nhựa đơn có hình dấu chân size trung",1,35000,14000,,1768190083,1768190083
69647083bfeff,10-01-2026,6750572557727,"Áo thun cổ chun size XL",1,55000,15000,,1768190083,1768190083
69647083bff02,10-01-2026,675057255772f,"Áo thun cổ chun size XXL",1,60000,22000,,1768190083,1768190083
69647083bff05,10-01-2026,6750572557ed6,"ST Oliver",2,50000,27000,,1768190083,1768190083
69647083bff08,10-01-2026,67505725579b6,"Cát Nhật ",2,55000,41000,,1768190083,1768190083
69647083bff0a,10-01-2026,67505725579f7,"Catsrang 1kg",1,90000,80400,,1768190083,1768190083
69647083bff0d,10-01-2026,67505725579a7,"Cát Happy",1,100000,86000,,1768190083,1768190083
69647083bff10,10-01-2026,6750572557e55,"Royal Kitten/ Mother & baby cat 2kg",1,615000,471000,,1768190083,1768190083
69647083bff13,10-01-2026,67505725579d0,"Cat's On 1kg",1,70000,55500,,1768190083,1768190083
69647083bff15,10-01-2026,68527c933e440,"Áo thun gân size 2XL",1,65000,20000,,1768190083,1768190083
69647083bff18,10-01-2026,675057255766f,"Áo nỉ size 2XL",1,70000,21700,,1768190083,1768190083
69647083bff1b,10-01-2026,6750572557ad0,"Dây cổ zichen 1.5",1,50000,20000,,1768190083,1768190083
69647083bff1e,10-01-2026,6750572557c9e,"Me-O mèo con 400gr",1,45000,39000,,1768190083,1768190083
69647083bff20,10-01-2026,67505725580d0,"Xúc xích Taotao pet",3,0,1440,,1768190083,1768190083
69647083bff23,10-01-2026,6750572557dad,"Pate mèo gói Whiskas",1,0,10000,,1768190083,1768190083
69647083bff26,10-01-2026,6750572557bd6,"Ganador chó con vị sữa & DHA",1,28000,21120,,1768190083,1768190083
69648c6873d67,11-01-2026,6750572557e5d,"Royal Kitten/ Mother&baby cat 400gr",1,140000,120000,,1768197224,1768197224
69648c6873d70,11-01-2026,6750572557d8e,"Pate mèo gói Nekko ",2,17000,13900,,1768197224,1768197224
69648c6873d73,11-01-2026,6750572557ca6,"Me-O mèo lớn 350gr",2,28000,22750,,1768197224,1768197224
69648c6873d76,11-01-2026,6750572557cbd,"Minino Tuna 480gr",1,30000,24940,,1768197224,1768197224
69648c6873d79,11-01-2026,6750572557b26,"Dây yếm jean L",1,75000,30000,,1768197224,1768197224
69648c6873d7c,11-01-2026,67505725579b6,"Cát Nhật ",1,55000,41000,,1768197224,1768197224
69648c6873d7f,11-01-2026,6773c02fc2b74,"Áo dài tam kỳ số 3",1,95000,70000,,1768197224,1768197224
69648c6873d81,11-01-2026,676244835d6fe,"Vòng cổ kèm chuông đại size L",2,45000,17000,,1768197224,1768197224
69648c6873d84,11-01-2026,6750572558051,"Vòng cổ zichen 1.5",2,30000,8000,,1768197224,1768197224
69648c6873d87,11-01-2026,69522254c40e6,"Áo thun gân có tay size M",1,55000,25000,,1768197224,1768197224
69648c6873d8a,11-01-2026,684e893330b02,"Áo thun gân size S",1,45000,20000,,1768197224,1768197224
69648c6873d8d,11-01-2026,6750572557b7f,"Đồ chơi con cá",1,25000,15000,,1768197224,1768197224
69648c6873d90,11-01-2026,67505725579b6,"Cát Nhật ",1,55000,41000,,1768197224,1768197224
69648c6873d93,11-01-2026,68abf08c4240b,"Bóng lục lạc nhiều màu",1,30000,9000,,1768197224,1768197224
69648c6873d95,11-01-2026,67505725579a7,"Cát Happy",1,100000,86000,,1768197224,1768197224
69648c6873d98,11-01-2026,695224d95e12c,"Áo thun gân size 4XL",1,70000,30000,,1768197224,1768197224
69648c6873d9b,11-01-2026,6750572558062,"Vòng loa chống liếm số 3",1,55000,23000,,1768197224,1768197224
69648c6873d9e,11-01-2026,684e893330b02,"Áo thun gân size S",4,45000,20000,,1768197224,1768197224
69648c6873da1,11-01-2026,6750572557ac8,"Dây cổ zichen 1.0",2,40000,13500,,1768197224,1768197224
69648c6873da3,11-01-2026,6750572557edd,"ST Pet Gel ",1,175000,145000,,1768197224,1768197224
69648c6873da6,11-01-2026,6750572557ed6,"ST Oliver",1,50000,27000,,1768197224,1768197224
69648c6873da9,11-01-2026,684e893330b02,"Áo thun gân size S",2,45000,20000,,1768197224,1768197224
69648c6873dac,11-01-2026,68527c933e440,"Áo thun gân size 2XL",2,65000,20000,,1768197224,1768197224
69648c6873dae,11-01-2026,6750572557d8e,"Pate mèo gói Nekko ",12,17000,13900,,1768197224,1768197224
69648c6873db1,11-01-2026,6750572557a00,"Catsrang 500gr",1,48000,40200,,1768197224,1768197224
69648c6873db4,11-01-2026,67505725579e7,"Catseye 1kg",1,85000,64000,,1768197224,1768197224
69648c6873db7,11-01-2026,67505725580c8,"Xịt viêm da mủ Fabricil",1,100000,75000,,1768197224,1768197224
69648c6873db9,11-01-2026,67505725579a7,"Cát Happy",1,100000,86000,,1768197224,1768197224
69648c6873dbc,11-01-2026,6750572557a10,"Chuông đa màu 22mm",1,10000,2000,,1768197224,1768197224
69648c6873dbf,11-01-2026,68f857a2e6d7b,"Cây lăn lông",1,40000,16000,,1768197224,1768197224
69648c6873dc2,11-01-2026,6750572557cae,"Me-O mother&baby cat 400gr",6,55000,53000,,1768197224,1768197224
69648c6873dc4,11-01-2026,6750572557c9e,"Me-O mèo con 400gr",3,45000,39000,,1768197224,1768197224
69648c6873dc8,11-01-2026,68527cb6bf377,"Áo thun gân size 3XL",3,70000,20000,,1768197224,1768197224
69648c6873dca,11-01-2026,6750572557860,"Áo thun thể thao size 2XL +",1,65000,31000,,1768197224,1768197224
69648c6873dcd,11-01-2026,6750572557dad,"Pate mèo gói Whiskas",5,13000,10000,,1768197224,1768197224
69648c6873dd0,11-01-2026,68527c42bdedb,"Áo thun gân size M",2,50000,20000,,1768197224,1768197224
6965b3ca5e552,12-01-2026,6750572557e96,"Smartheart Small 400gr",1,32000,25900,,1768272842,1768272842
6965b3ca5e55b,12-01-2026,69607b76ec541,"Men gói VMD",4,0,4000,,1768272842,1768272842
6965b3ca5e55f,12-01-2026,6750572557a50,"Classic adult 20kg (bao xá)",10,760000,660000,,1768272842,1768272842
6965b3ca5e562,12-01-2026,6750572557d8e,"Pate mèo gói Nekko ",1,0,13900,,1768272842,1768272842
6965b3ca5e565,12-01-2026,675057255799f,"Cát đậu nành Catsrang",1,0,70000,,1768272842,1768272842
6965b3ca5e567,12-01-2026,6858c151f0b6b,"Mr. Vet mèo T3",1,0,110000,,1768272842,1768272842
6965b3ca5e56a,12-01-2026,675057255816e,"Catpy 1kg",1,0,78000,,1768272842,1768272842
6965b3ca5e56d,12-01-2026,6750572558049,"Vòng cổ zichen 1.0",1,20000,6000,,1768272842,1768272842
6965b3ca5e570,12-01-2026,6750572557baf,"Eto Modex 4-10kg",1,105000,53733,,1768272842,1768272842
6965b3ca5e573,12-01-2026,6750572557e65,Shizuka,100,1700,1000,,1768272842,1768272842
6965b3ca5e576,12-01-2026,6750572557dad,"Pate mèo gói Whiskas",28,13000,10000,,1768272842,1768272842
6965b3ca5e579,12-01-2026,6750572557dad,"Pate mèo gói Whiskas",1,0,10000,,1768272842,1768272842
6965b3ca5e57b,12-01-2026,67505725579af,"Cát Min",1,55000,38000,,1768272842,1768272842
6965b3ca5e57e,12-01-2026,67505725580a9,"Xẻng xúc cát lớn",1,20000,6500,,1768272842,1768272842
6965b3ca5e581,12-01-2026,6750572557ed6,"ST Oliver",1,50000,27000,,1768272842,1768272842
6965b3ca5e584,12-01-2026,6750572557e96,"Smartheart Small 400gr",1,32000,25900,,1768272842,1768272842
6965b3ca5e586,12-01-2026,6750572557ca6,"Me-O mèo lớn 350gr",2,28000,22750,,1768272842,1768272842
6965b3ca5e589,12-01-2026,6750572558072,"Vòng loa chống liếm số 5",1,45000,16000,,1768272842,1768272842
6965b3ca5e58c,12-01-2026,675057255788f,"Apro 500gr",2,28000,21500,,1768272842,1768272842
6965b3ca5e58f,12-01-2026,683fb42016c78,"Mymeo 500g",1,32000,24500,,1768272842,1768272842
6965b3ca5e591,12-01-2026,686655f7c1699,"Langlike 1kg",1,80000,65000,,1768272842,1768272842
6965b3ca5e594,12-01-2026,6750572557f6c,"Thịt sấy khô ",2,20000,11700,,1768272842,1768272842
6965b3ca5e597,12-01-2026,675057255788f,"Apro 500gr",2,28000,21500,,1768272842,1768272842
6965b3ca5e59a,12-01-2026,67505725579f7,"Catsrang 1kg",1,90000,80400,,1768272842,1768272842
6965b3ca5e59d,12-01-2026,6750572557fd2,"Vaccine 7 bệnh",1,170000,92000,,1768272842,1768272842
6965b3ca5e5a0,12-01-2026,6750572557e65,Shizuka,2,2000,1000,,1768272842,1768272842
6965b3ca5e5a2,12-01-2026,69607b76ec541,"Men gói VMD",2,7000,4000,,1768272842,1768272842
6965b3ca5e5a5,12-01-2026,6750572557fda,"Vaccine dại",1,30000,18000,,1768272842,1768272842
6965b3ca5e5a8,12-01-2026,683fb6d34f722,"Súp thưởng Mr. Vet mèo (4thanh)",1,20000,7200,,1768272842,1768272842
6965b3ca5e5aa,12-01-2026,675057255788f,"Apro 500gr",1,28000,21500,,1768272842,1768272842
6965b3ca5e5ad,12-01-2026,67505725579b6,"Cát Nhật ",1,55000,41000,,1768272842,1768272842
6965b3ca5e5b0,12-01-2026,6750572557ece,"ST Micona",1,145000,87000,,1768272842,1768272842
6965b3ca5e5b2,12-01-2026,6750572557fc2,"Vaccine 4 bệnh",1,230000,100000,,1768272842,1768272842
696af5515d1a5,13-01-2026,6750572557ca6,"Me-O mèo lớn 350gr",2,28000,22750,,1768617297,1768617297
696af5515d1b2,13-01-2026,67505725579ef,"Catseye 500gr",1,45000,32000,,1768617297,1768617297
696af5515d1cf,13-01-2026,6750572557ca6,"Me-O mèo lớn 350gr",2,28000,22750,,1768617297,1768617297
696af5515d1d5,13-01-2026,6750572557f0c,"Súp thưởng Wanpy nắp vặn",1,20000,13500,,1768617297,1768617297
696af5515d1dc,13-01-2026,69607badbe886,"Men ống VMD",3,12000,9000,,1768617297,1768617297
696af5515d1e3,13-01-2026,6750572557dad,"Pate mèo gói Whiskas",2,13000,10000,,1768617297,1768617297
696af5515d1e9,13-01-2026,67505725579b6,"Cát Nhật ",1,55000,41000,,1768617297,1768617297
696af5515d1ef,13-01-2026,6750572557ca6,"Me-O mèo lớn 350gr",3,28000,22750,,1768617297,1768617297
696af5515d1f6,13-01-2026,6750572557d8e,"Pate mèo gói Nekko ",2,17000,13900,,1768617297,1768617297
696af5515d1fc,13-01-2026,6750572557dad,"Pate mèo gói Whiskas",4,13000,10000,,1768617297,1768617297
696af5515d202,13-01-2026,6750572557edd,"ST Pet Gel ",1,175000,145000,,1768617297,1768617297
696af5515d209,13-01-2026,6750572557f73,"Thuốc nhỏ mắt Genta",1,0,8631,,1768617297,1768617297
696af5515d21c,13-01-2026,6750572557efd,"Sữa Canine",2,53000,32860,,1768617297,1768617297
696af5515d222,13-01-2026,68665612bae83,"Langlike 500gr",1,43000,37500,,1768617297,1768617297
696af5515d23c,13-01-2026,67505725579b6,"Cát Nhật ",1,55000,41000,,1768617297,1768617297
696af5515d242,13-01-2026,6750572557ca6,"Me-O mèo lớn 350gr",2,28000,22750,,1768617297,1768617297
696af5515d248,13-01-2026,6750572558049,"Vòng cổ zichen 1.0",1,20000,6000,,1768617297,1768617297
696af5515d24f,13-01-2026,69607badbe886,"Men ống VMD",2,12000,9000,,1768617297,1768617297
696af5515d255,13-01-2026,6750572557860,"Áo thun thể thao size 2XL +",1,65000,31000,,1768617297,1768617297
696af5515d25c,13-01-2026,67505725576e6,"Áo tết size M",1,50000,35000,,1768617297,1768617297
696af5515d26a,13-01-2026,695224d95e12c,"Áo thun gân size 4XL",1,70000,30000,,1768617297,1768617297
696af5515d27f,13-01-2026,67505725580e1,"Xương Orgo",1,25000,17500,,1768617297,1768617297
696af5515d284,13-01-2026,675057255799f,"Cát đậu nành Catsrang",1,0,70000,,1768617297,1768617297
696af5515d288,13-01-2026,67505725579f7,"Catsrang 1kg",1,90000,80400,,1768617297,1768617297
696af5515d28d,13-01-2026,6750572557d8e,"Pate mèo gói Nekko ",4,17000,13900,,1768617297,1768617297
696af5515d291,13-01-2026,6750572557e96,"Smartheart Small 400gr",2,32000,25900,,1768617297,1768617297
696af5515d295,13-01-2026,67505725580e9,"Zenith hạt mềm chó 300gr",1,55000,47500,,1768617297,1768617297
696af5515d299,13-01-2026,6750572557fd2,"Vaccine 7 bệnh",1,170000,92000,,1768617297,1768617297
696af7bcca7ce,14-01-2026,6750572557d7d,"Pate mèo gói Me-O",2,15000,10800,,1768617916,1768618461
696af7bcca7db,14-01-2026,67505725580c8,"Xịt viêm da mủ Fabricil",1,100000,75000,,1768617916,1768618461
696af7bcca7e2,14-01-2026,6750572557a00,"Catsrang 500gr",1,48000,40200,,1768617916,1768618461
696af7bcca7e9,14-01-2026,67505725579b6,"Cát Nhật ",1,55000,41000,,1768617916,1768618461
696af7bcca7ef,14-01-2026,6750572557f6c,"Thịt sấy khô ",1,20000,11700,,1768617916,1768618461
696af7bcca7f6,14-01-2026,6750572557f73,"Thuốc nhỏ mắt Genta",1,20000,8631,,1768617916,1768618461
696af7bcca7fc,14-01-2026,67505725579b6,"Cát Nhật ",1,55000,41000,,1768617916,1768618461
696af7bcca803,14-01-2026,686655f7c1699,"Langlike 1kg",1,80000,65000,,1768617916,1768618461
696af7bcca80a,14-01-2026,6750572557d8e,"Pate mèo gói Nekko ",2,17000,13900,,1768617916,1768618461
696af7bcca810,14-01-2026,6750572557f6c,"Thịt sấy khô ",1,20000,11700,,1768617916,1768618461
696af7bcca81c,14-01-2026,6750572558146,"Gà viên sấy khô Lishi 500g",1,180000,125000,,1768617916,1768618461
696af7bcca822,14-01-2026,6750572557efd,"Sữa Canine",1,53000,32860,,1768617916,1768618461
696af7bcca829,14-01-2026,68abee88065a4,"Xương gặm da bò (4 cây)",1,45000,21000,,1768617916,1768618461
696af7bcca82f,14-01-2026,6750572557bf7,"Ganador chó lớn vị cừu & gạo",1,23000,16720,,1768617916,1768618461
696af7bcca835,14-01-2026,6750572557ac8,"Dây cổ zichen 1.0",1,40000,13500,,1768617916,1768618461
696af7bcca83b,14-01-2026,6773bee3677e1,"Áo dài tết hình đồng xu/ hình hạc số 6",1,100000,75000,,1768617916,1768618461
696af7bcca842,14-01-2026,6750572557be0,"Ganador chó con vị trứng & sữa",1,26000,18080,,1768617916,1768618461
696af7bcca848,14-01-2026,684e893330b02,"Áo thun gân size S",1,45000,20000,,1768617916,1768618461
696af7bcca84e,14-01-2026,67505725579e7,"Catseye 1kg",1,85000,64000,,1768617916,1768618461
696af7bcca854,14-01-2026,67505725580e1,"Xương Orgo",2,25000,17500,,1768617916,1768618461
696af7bcca859,14-01-2026,6750572557b57,"Dây yếm zichen 1.0",1,45000,18000,,1768617916,1768618461
696af7bcca85f,14-01-2026,683fb3bf9a6bd,"Mr. Vet mèo T1",1,125000,94000,,1768617916,1768618461
696af7bcca865,14-01-2026,675057255799f,"Cát đậu nành Catsrang",1,77000,70000,,1768617916,1768618461
696af7bcca86b,14-01-2026,686655f7c1699,"Langlike 1kg",1,80000,65000,,1768617916,1768618461
696af7bcca871,14-01-2026,6750572558049,"Vòng cổ zichen 1.0",1,20000,6000,,1768617916,1768618461
696af7bcca877,14-01-2026,6750572557a00,"Catsrang 500gr",1,48000,40200,,1768617916,1768618461
696af7bcca87d,14-01-2026,6750572557bbe,"Fronil Extra 2-10kg",2,35000,18910,,1768617916,1768618461
696af9dd7d13c,14-01-2026,6750572557a00,"Catsrang 500gr",1,48000,40200,,1768618461,1768618461
696af9dd7d145,14-01-2026,6750572557e87,"Smartheart pp 400gr",2,32000,25900,,1768618461,1768618461
696af9dd7d149,14-01-2026,6750572557ca6,"Me-O mèo lớn 350gr",2,28000,22750,,1768618461,1768618461
696af9dd7d14c,14-01-2026,6750572557e65,Shizuka,5,2000,1000,,1768618461,1768618461
696af9dd7d14f,14-01-2026,6750572557d9d,"Pate mèo gói Snappy Tom trái cây",1,16000,13500,,1768618461,1768618461
696af9dd7d151,14-01-2026,6750572557f0c,"Súp thưởng Wanpy nắp vặn",1,20000,13500,,1768618461,1768618461
696af9dd7d154,14-01-2026,6750572557d8e,"Pate mèo gói Nekko ",3,17000,13900,,1768618461,1768618461
696af9dd7d157,14-01-2026,6750572557d8e,"Pate mèo gói Nekko ",2,0,13900,,1768618461,1768618461
696af9dd7d15a,14-01-2026,6750572557ca6,"Me-O mèo lớn 350gr",1,28000,22750,,1768618461,1768618461
696af9dd7d15d,14-01-2026,6750572557b00,"Dây xích hàn nhỏ",1,40000,17000,,1768618461,1768618461
696af9dd7d160,14-01-2026,6750572557be0,"Ganador chó con vị trứng & sữa",1,26000,18080,,1768618461,1768618461
696af9dd7d163,14-01-2026,6750572557a10,"Chuông đa màu 22mm",1,10000,2000,,1768618461,1768618461
696af9dd7d166,14-01-2026,6750572558049,"Vòng cổ zichen 1.0",1,20000,6000,,1768618461,1768618461
696af9dd7d168,14-01-2026,69607b76ec541,"Men gói VMD",1,7000,4000,,1768618461,1768618461
696af9dd7d16b,14-01-2026,67505725580e1,"Xương Orgo",1,25000,17500,,1768618461,1768618461
696af9dd7d16e,14-01-2026,6750572557ac8,"Dây cổ zichen 1.0",1,40000,13500,,1768618461,1768618461
696af9dd7d171,14-01-2026,6750572557a57,"Classic chó lớn 400gr",1,23000,15700,,1768618461,1768618461
696af9dd7d173,14-01-2026,683fb3f1bb8a5,"Mr. Vet chó D1",1,140000,110000,,1768618461,1768618461
696af9dd7d176,14-01-2026,684e89114a0b2,"Áo thun gân size XS",1,40000,20000,,1768618461,1768618461
696af9dd7d179,14-01-2026,67505725579f7,"Catsrang 1kg",2,90000,80400,,1768618461,1768618461
696af9dd7d17c,14-01-2026,6750572557cbd,"Minino Tuna 480gr",1,30000,24940,,1768618461,1768618461
696af9dd7d17f,14-01-2026,686655f7c1699,"Langlike 1kg",2,80000,65000,,1768618461,1768618461
696afc988f97f,15-01-2026,6750572557e87,"Smartheart pp 400gr",1,32000,25900,,1768619160,1768619160
696afc988f989,15-01-2026,67505725579f7,"Catsrang 1kg",1,0,80400,,1768619160,1768619160
696afc988f98c,15-01-2026,67505725579a7,"Cát Happy",1,100000,86000,,1768619160,1768619160
696afc988f98f,15-01-2026,67505725579f7,"Catsrang 1kg",1,90000,80400,,1768619160,1768619160
696afc988f992,15-01-2026,67505725579b6,"Cát Nhật ",6,50000,41000,,1768619160,1768619160
696afc988f995,15-01-2026,695224d95e12c,"Áo thun gân size 4XL",1,70000,30000,,1768619160,1768619160
696afc988f998,15-01-2026,6750572558127,"Xịt ve rận Hanvet",1,35000,16000,,1768619160,1768619160
696afc988f99b,15-01-2026,6750572557b8e,"DogSmile chó lớn 500gr",1,40000,28000,,1768619160,1768619160
696afc988f99e,15-01-2026,6750572557f6c,"Thịt sấy khô ",1,20000,11700,,1768619160,1768619160
696afc988f9a0,15-01-2026,6750572557e96,"Smartheart Small 400gr",1,32000,25900,,1768619160,1768619160
696afc988f9a3,15-01-2026,6750572558090,"Whiskas 1+ 400gr",1,37000,29000,,1768619160,1768619160
696afc988f9a6,15-01-2026,67505725579f7,"Catsrang 1kg",1,90000,80400,,1768619160,1768619160
696afc988f9a9,15-01-2026,6750572557fd2,"Vaccine 7 bệnh",1,170000,92000,,1768619160,1768619160
696afc988f9ac,15-01-2026,6864a4b2ad47c,"Dây dắt kèm yếm vải jean size M",1,70000,38000,,1768619160,1768619160
696afc988f9af,15-01-2026,6858c151f0b6b,"Mr. Vet mèo T3",1,0,110000,,1768619160,1768619160
696afc988f9b1,15-01-2026,675057255816e,"Catpy 1kg",1,0,78000,,1768619160,1768619160
696afc988f9b4,15-01-2026,6750572557f0c,"Súp thưởng Wanpy nắp vặn",2,15000,13500,,1768619160,1768619160
696afc988f9b7,15-01-2026,6750572557d8e,"Pate mèo gói Nekko ",1,0,13900,,1768619160,1768619160
696afc988f9ba,15-01-2026,67505725579f7,"Catsrang 1kg",1,90000,80400,,1768619160,1768619160
696afc988f9bd,15-01-2026,6750572557a5f,"Classic chó nhỏ 400gr",2,18000,20200,,1768619160,1768619160
696afc988f9c0,15-01-2026,6750572557b00,"Dây xích hàn nhỏ",1,40000,17000,,1768619160,1768619160
696afc988f9c2,15-01-2026,6750572558049,"Vòng cổ zichen 1.0",1,20000,6000,,1768619160,1768619160
696afc988f9c5,15-01-2026,675057255799f,"Cát đậu nành Catsrang",1,0,70000,,1768619160,1768619160
696afc988f9c8,15-01-2026,6750572557ece,"ST Micona",1,145000,87000,,1768619160,1768619160
696afc988f9cb,15-01-2026,69607b76ec541,"Men gói VMD",1,0,4000,,1768619160,1768619160
696afc988f9ce,15-01-2026,6750572557e5d,"Royal Kitten/ Mother&baby cat 400gr",1,140000,120000,,1768619160,1768619160
696afc988f9d1,15-01-2026,6750572557997,"Cần câu mèo",1,25000,9000,,1768619160,1768619160
696afc988f9d3,15-01-2026,6750572557d8e,"Pate mèo gói Nekko ",4,17000,13900,,1768619160,1768619160
696aff69694ec,16-01-2026,6750572558146,"Gà viên sấy khô Lishi 500g",1,180000,125000,,1768619881,1768619881
696aff69694f5,16-01-2026,6750572557c9e,"Me-O mèo con 400gr",1,45000,39000,,1768619881,1768619881
696aff69694f8,16-01-2026,6750572557fda,"Vaccine dại",1,30000,18000,,1768619881,1768619881
696aff69694fb,16-01-2026,6750572558049,"Vòng cổ zichen 1.0",1,20000,6000,,1768619881,1768619881
696aff69694fe,16-01-2026,6750572557c5f,"Khay vệ sinh chó có thành",1,150000,72000,,1768619881,1768619881
696aff6969501,16-01-2026,6761a771e33d3,"Catsrang 5kg",1,430000,376000,,1768619881,1768619881
696aff6969504,16-01-2026,6750572557e6c,"Smartheart bò 1.5kg",1,95000,77000,,1768619881,1768619881
696aff6969507,16-01-2026,6750572557b00,"Dây xích hàn nhỏ",1,40000,17000,,1768619881,1768619881
696aff696950a,16-01-2026,6750572557b8e,"DogSmile chó lớn 500gr",1,40000,28000,,1768619881,1768619881
696aff696950c,16-01-2026,6750572557dad,"Pate mèo gói Whiskas",56,13000,10000,,1768619881,1768619881
696aff696950f,16-01-2026,6750572557dad,"Pate mèo gói Whiskas",2,0,10000,,1768619881,1768619881
696aff6969512,16-01-2026,6750572557ece,"ST Micona",1,145000,87000,,1768619881,1768619881
696aff6969515,16-01-2026,67505725580c8,"Xịt viêm da mủ Fabricil",1,100000,75000,,1768619881,1768619881
696aff6969518,16-01-2026,6750572557e87,"Smartheart pp 400gr",1,32000,25900,,1768619881,1768619881
696aff696951a,16-01-2026,67505725580d0,"Xúc xích Taotao pet",30,2166.67,1440,,1768619881,1768619881
696aff696951d,16-01-2026,6750572557d8e,"Pate mèo gói Nekko ",1,0,13900,,1768619881,1768619881
696aff6969520,16-01-2026,6750572557ca6,"Me-O mèo lớn 350gr",2,28000,22750,,1768619881,1768619881
696aff6969523,16-01-2026,68527c42bdedb,"Áo thun gân size M",3,0,20000,,1768619881,1768619881
