id,name,unit,sellingPrice,purchasePrice,initStock,repackageStock,invoiceCheck,categoryId,createdAt,updatedAt
675057255766f,Áo nỉ size 2XL,cái,70000,21700,3,0,0,,,
675057255767c,Áo lông size L,cái,60000,19000,0,0,0,,,
6750572557685,Áo lông size M,cái,55000,19000,1,0,0,,,
675057255768d,Áo lông size S,cái,50000,19000,0,0,0,,,
6750572557695,Áo lông size XL,cái,65000,19000,1,0,0,,,
675057255769d,Áo lông size XS,cái,45000,19000,0,0,0,,,
67505725576a5,Áo nỉ size L,cái,60000,21700,0,0,0,,,
67505725576ae,Áo nỉ size M,cái,55000,21700,0,0,0,,,
67505725576b6,Áo nỉ size S,cái,50000,21700,0,0,0,,,
67505725576be,Áo nỉ size XL,cái,65000,21700,0,0,0,,,
67505725576c6,Áo nỉ size XS,cái,45000,21700,0,0,0,,,
67505725576ce,Áo tết size 2XL,cái,65000,45000,2,0,0,,,
67505725576d6,Áo tết size 3XL,cái,70000,50000,0,0,0,,,
67505725576de,Áo tết size L,cái,55000,35000,0,0,0,,,
67505725576e6,Áo tết size M,cái,50000,35000,3,0,0,,,
67505725576ef,Áo tết size S,cái,45000,35000,0,0,0,,,
67505725576f7,Áo tết size XL,cái,60000,35000,0,0,0,,,
67505725576ff,Áo tết size XS,cái,40000,25000,0,0,0,,,
6750572557707,Áo thun cổ chun size 3XL-5XL,cái,65000,35000,4,0,0,,,
675057255770f,Áo thun cổ chun size L,cái,50000,15000,9,0,0,,,
6750572557716,Áo thun cổ chun size M,cái,45000,15000,19,0,0,,,
675057255771e,Áo thun cổ chun size S,cái,40000,11000,5,0,0,,,
6750572557727,Áo thun cổ chun size XL,cái,55000,15000,14,0,0,,,
675057255772f,Áo thun cổ chun size XXL,cái,60000,22000,21,0,0,,,
6750572557737,Áo thun giả gile size L,cái,50000,19000,6,0,0,,,
675057255773f,Áo thun giả gile size M,cái,45000,19000,0,0,0,,,
6750572557747,Áo thun giả gile size S,cái,40000,19000,0,0,0,,,
675057255774f,Áo thun giả gile size XL,cái,55000,19000,2,0,0,,,
6750572557757,Áo thun giả gile size XS,cái,35000,19000,0,0,0,,,
675057255775f,Áo thun giả gile size XXL,cái,60000,19000,0,0,0,,,
6750572557768,Áo thun hoạt hình size L,cái,50000,19000,2,0,0,,,
6750572557770,Áo thun hoạt hình size M,cái,45000,19000,0,0,0,,,
6750572557778,Áo thun hoạt hình size S,cái,40000,19000,0,0,0,,,
6750572557780,Áo thun hoạt hình size XL,cái,55000,19000,9,0,0,,,
6750572557787,Áo thun hoạt hình size XS,cái,35000,19000,0,0,0,,,
675057255778f,Áo thun hoạt hình size XXL,cái,60000,19000,4,0,0,,,
6750572557797,Áo thun I <3 mm/dd size L,cái,45000,19000,0,0,0,,,
675057255779f,Áo thun I <3 mm/dd size M,cái,40000,19000,0,0,0,,,
67505725577a8,Áo thun I <3 mm/dd size S,cái,35000,19000,0,0,0,,,
67505725577b0,Áo thun I <3 mm/dd size XL,cái,50000,19000,3,0,0,,,
67505725577b7,Áo thun thể thao size 3XL,cái,70000,31000,0,0,0,,,
67505725577bf,Áo thun thể thao size 4XL,cái,75000,31000,0,0,0,,,
67505725577c7,Áo thun thể thao size 5XL,cái,80000,31000,0,0,0,,,
67505725577d0,Áo thun thể thao size 6XL,cái,85000,31000,0,0,0,,,
67505725577d7,Áo thun I <3 mm/dd size XXL,cái,55000,19000,1,0,0,,,
67505725577e0,Áo thun lưới size L,cái,45000,17500,0,0,0,,,
67505725577e8,Áo thun lưới size M,cái,40000,17500,0,0,0,,,
67505725577f0,Áo thun lưới size S,cái,35000,17500,0,0,0,,,
67505725577f8,Áo thun lưới size XL,cái,50000,17500,1,0,0,,,
67505725577ff,Áo thun lưới size XS,cái,30000,17500,0,0,0,,,
6750572557807,Áo thun mùa hè size 2XL,cái,55000,18000,1,0,0,,,
675057255780f,Áo thun mùa hè size L,cái,45000,18000,0,0,0,,,
6750572557817,Áo thun mùa hè size M,cái,40000,18000,0,0,0,,,
6750572557820,Áo thun mùa hè size S,cái,35000,18000,0,0,0,,,
6750572557828,Áo thun mùa hè size XL,cái,50000,18000,1,0,0,,,
6750572557830,Áo thun mùa hè size XS,cái,30000,18000,0,0,0,,,
6750572557838,Áo thun siêu anh hùng size L,cái,50000,20000,0,0,0,,,
675057255783f,Áo thun siêu anh hùng size M,cái,45000,20000,0,0,0,,,
6750572557847,Áo thun siêu anh hùng size S,cái,40000,20000,0,0,0,,,
675057255784f,Áo thun siêu anh hùng size XL,cái,55000,20000,0,0,0,,,
6750572557858,Áo thun siêu anh hùng size XXL,cái,60000,20000,0,0,0,,,
6750572557860,Áo thun thể thao size 2XL +,cái,65000,31000,5,0,0,,,
6750572557868,Áo thun thể thao size L,cái,55000,22000,0,0,0,,,
6750572557870,Áo thun thể thao size M,cái,50000,22000,0,0,0,,,
6750572557878,Áo thun thể thao size S,cái,45000,22000,0,0,0,,,
6750572557880,Áo thun thể thao size XL,cái,60000,22000,1,0,0,,,
6750572557888,Áo thun thể thao size XS,cái,40000,22000,0,0,0,,,
675057255788f,Apro 500gr,gói,28000,21500,54,0,1,,,1759462469
67505725578a0,Balo Hello Cat,cái,195000,135000,27,0,0,,,1734452620
67505725578a8,Balo phi hành gia ,cái,195000,135000,2,0,0,,,1734452609
67505725578b0,Balo phi hành gia hình vịt,cái,205000,145000,3,0,0,,,1734452604
67505725578b8,Balo tai mèo họa tiết,cái,240000,170000,0,0,0,,,1734452637
67505725578bf,Bàn cào móng gợn sóng,cái,70000,25000,6,0,0,,,1734453553
67505725578c7,Bàn cào móng thay lõi,cái,145000,90000,4,0,0,,,1734453542
67505725578d1,Bàn chải tắm,cái,30000,13500,21,0,0,,,1734454107
67505725578e8,Bát ăn chống gù,cái,50000,27000,0,0,0,,,1734450988
67505725578f0,Bát ăn gắn chuồng,cái,60000,26000,0,0,0,,,1734451256
67505725578f8,Bát ăn gắn chuồng bí ngô lớn (kèm bát inox),cái,80000,0,3,0,0,,,1734451012
67505725578ff,Bát ăn uống tự động ,cái,220000,145000,3,0,0,,,1734451247
6750572557907,Bát đôi tai gấu,cái,60000,25000,0,0,0,,,1734450967
6750572557910,Bát đơn inox size 1,cái,45000,21505,6,0,0,,,1734451044
6750572557918,Bát đơn inox size 2,cái,55000,26565,1,0,0,,,1734451237
6750572557920,Bát đơn inox size 3,cái,65000,35420,0,0,0,,,1734451063
6750572557928,Bát đơn inox size 4,cái,75000,35000,6,0,0,,,1734451079
675057255792f,Bát ếch đôi (kèm bát inox),cái,70000,31320,0,0,0,,,1734451225
6750572557937,Bát nhựa đôi size lớn,cái,60000,25560,0,0,0,,,1734451204
675057255793f,Bát nhựa đơn 01,cái,20000,4080,0,0,0,,,1734451148
6750572557948,Bát nhựa đơn 02,cái,30000,6960,0,0,0,,,1734451181
6750572557950,Bát nhựa đơn 03,cái,40000,10800,0,0,0,,,1734451162
6750572557958,Bát nhựa đơn 04,cái,50000,14280,0,0,0,,,1734451155
6750572557960,Bát xương đôi,cái,30000,8520,11,0,0,,,1734451129
6750572557967,Bình sữa lớn,cái,50000,27000,11,0,0,,,1734452580
675057255796f,Bình sữa nhỏ,cái,35000,20000,8,0,0,,,1734452574
6750572557977,Bình treo chuồng,cái,50000,25000,1,0,0,,,1734454122
675057255797f,Bộ kiềm dũa cắt móng,cái,50000,25000,3,0,0,,,1734453901
6750572557988,Bóng đồ chơi size lớn ,cái,25000,9000,8,0,0,,,1734453881
6750572557990,Bóng đồ chơi size nhỏ,cái,20000,7900,26,0,0,,,1734453888
6750572557997,Cần câu mèo,cái,25000,9000,23,0,0,,,1734453758
675057255799f,Cát đậu nành Catsrang,túi,77000,70000,7,0,1,,,1742268063
67505725579a7,Cát Happy,túi,100000,86000,15,0,1,,,1734748335
67505725579af,Cát Min,túi,55000,38000,64,0,1,,,1759462424
67505725579b6,Cát Nhật ,túi,55000,41000,65,0,1,,,1734451353
67505725579c0,Catpy mèo con 500gr,gói,86000,52000,0,0,1,,,1734448637
67505725579d0,Cat's On 1kg,gói,70000,55500,5,18,1,,,1759738813
67505725579d7,Cat's On 500g,gói,38000,27750,5,16,1,,,1759738799
67505725579df,Catseye 13.5kg,bao,1000000,930000,0,0,1,,,1759738653
67505725579e7,Catseye 1kg,túi,85000,64000,2,-2,1,,,1779594532
67505725579ef,Catseye 500gr,túi,43000,32000,2,4,1,,,1759738622
67505725579f7,Catsrang 1kg,túi,95000,80400,6,282,1,,,1762167866
6750572557a00,Catsrang 500gr,gói,50000,40200,5,139,1,,,1762167850
6750572557a10,Chuông đa màu 22mm,cái,10000,2000,67,0,0,,,1734453866
6750572557a17,Chuông hình thú lớn,cái,35000,11300,4,0,0,,,1734452532
6750572557a1f,Chuông hình thú nhỏ,cái,20000,6500,64,0,0,,,1734452525
6750572557a27,Chuồng sơn tĩnh điện size L,cái,450000,390000,2,0,1,,,1734454398
6750572557a2f,Chuồng sơn tĩnh điện size M,cái,350000,290000,3,0,1,,,1734454392
6750572557a38,Chuồng sơn tĩnh điện size S,cái,235000,175000,0,0,1,,,1734454407
6750572557a40,Chuồng sơn tĩnh điện size XL,Cái,575000,530000,1,0,1,,,1734454403
6750572557a47,Ciao (4thanh),gói,30000,19000,0,0,0,,,1734450737
6750572557a50,Classic adult 20kg (bao xá),bao,760000,660000,0,0,1,,,1762167965
6750572557a57,Classic chó lớn 400gr,gói,23000,15700,114,0,1,,,1762167951
6750572557a5f,Classic chó nhỏ 400gr,gói,28000,20200,22,0,1,,,1762167975
6750572557a67,Cỏ mèo sấy khô,lọ,20000,10000,9,0,0,,,1734450835
6750572557a6f,Combo bát ăn và bình uống,cái,220000,150000,0,0,0,,,1734451270
6750572557a78,Đầm bèo size L,cái,55000,28000,0,0,0,,,1734452274
6750572557a80,Đầm bèo size M,cái,50000,28000,0,0,0,,,1734452270
6750572557a88,Đầm bèo size S,cái,45000,28000,0,0,0,,,1734452264
6750572557a90,Đầm bèo size XL,cái,60000,28000,0,0,0,,,1734452280
6750572557a98,Đầm dây size L,cái,50000,22000,0,0,0,,,1734452218
6750572557a9f,Đầm dây size M,cái,45000,22000,0,0,0,,,1734452242
6750572557aa7,Đầm dây size S,cái,40000,22000,0,0,0,,,1734452253
6750572557aaf,Đầm dây size XL,cái,55000,22000,1,0,0,,,1734452214
6750572557ab8,Dây chuyền vàng lớn,cái,40000,22000,11,0,0,,,1734453683
6750572557ac0,Dây chuyền vàng nhỏ,cái,35000,18000,0,0,0,,,1734453678
6750572557ac8,Dây cổ zichen 1.0,cái,40000,13500,19,0,0,,,1734452830
6750572557ad0,Dây cổ zichen 1.5,cái,50000,20000,22,0,0,,,1734452842
6750572557ad7,Dây dắt mèo đôi cánh thiên thần,cái,45000,20000,2,0,0,,,1734454696
6750572557adf,Dây dắt mèo gắn thú nhồi bông M,cái,60000,35000,1,0,0,,,1734454706
6750572557ae7,Dây dắt mèo gắn thú nhồi bông S,cái,50000,29000,0,0,0,,,1734455090
6750572557af0,Dây dắt mèo trơn,cái,40000,13000,1,0,0,,,1734454723
6750572557af8,Dây trêu mèo,cái,25000,12000,29,0,0,,,1734454735
6750572557b00,Dây xích hàn nhỏ,cái,40000,17000,20,0,0,,,1734453018
6750572557b07,Dây xích hàn trung,cái,50000,35000,24,0,0,,,1734453027
6750572557b0f,Dây xích lớn,cái,60000,50000,24,0,0,,,1734453010
6750572557b17,Dây xích nhỏ,cái,35000,25000,26,0,0,,,1734452990
6750572557b1f,Dây xích trung,cái,45000,35000,30,0,0,,,1734453001
6750572557b26,Dây yếm jean L,cái,75000,30000,3,0,0,,,1734452441
6750572557b30,Dây yếm jean M,cái,60000,25000,3,0,0,,,1734452436
6750572557b37,Dây yếm jean S,cái,45000,18000,6,0,0,,,1734452431
6750572557b3f,Dây yếm jean XL,cái,90000,37000,3,0,0,,,1734452449
6750572557b47,Dây yếm Police 2.0,cái,80000,50000,1,0,0,,,1734452460
6750572557b4f,Dây yếm Police 2.5,cái,100000,56000,0,0,0,,,1734452466
6750572557b57,Dây yếm zichen 1.0,cái,45000,18000,11,0,0,,,1734452380
6750572557b5e,Dây yếm zichen 1.5,cái,60000,22000,17,0,1,,,1734452415
6750572557b67,Địu L,cái,140000,68000,5,0,0,,,1734452192
6750572557b6f,Địu M,cái,120000,68000,2,0,0,,,1734452187
6750572557b77,Địu S,cái,100000,66000,5,0,0,,,1734452176
6750572557b7f,Đồ chơi con cá,con,25000,15000,27,0,0,,,1734453852
6750572557b87,DogSmile chó con 500gr,gói,45000,30000,15,0,1,,,1734450494
6750572557b8e,DogSmile chó lớn 500gr,gói,40000,28000,18,0,1,,,1734450486
6750572557b96,Dung dịch vệ sinh tai ,chai,80000,49600,13,0,1,,,1734454746
6750572557b9e,Eto Modex 10-25kg,viên,145000,74400,42,0,1,,,1734454622
6750572557ba7,Eto Modex 2-4kg,viên,95000,49600,77,0,1,,,1734454601
6750572557baf,Eto Modex 4-10kg,viên,105000,53733,87,0,1,,,1734454608
6750572557bb6,Fronil Extra 10-20kg,tuyp,45000,28520,39,0,1,,,1734454577
6750572557bbe,Fronil Extra 2-10kg,tuyp,35000,18910,9,0,1,,,1734454567
6750572557bc6,Fronil spot,tuyp,15000,0,115,0,1,,,1734454538
6750572557bd6,Ganador chó con vị sữa & DHA,gói,28000,21120,12,0,1,,,1734449592
6750572557be0,Ganador chó con vị trứng & sữa,gói,26000,18080,13,0,1,,,1734449682
6750572557be7,Ganador chó lớn vị bò nướng,gói,23000,15000,6,0,1,,,
6750572557bef,Ganador chó lớn vị cá hồi,gói,26000,18060,15,0,1,,,1734449644
6750572557bf7,Ganador chó lớn vị cừu & gạo,gói,23000,16720,9,0,1,,,1734449672
6750572557bff,Ganador chó lớn vị gà nướng,gói,23000,14020,18,0,1,,,1734449662
6750572557c0e,Gel Nuvita,tuyp,85000,52700,8,0,1,,,1734450849
6750572557c16,Gel tiêu búi lông Hairball cure,tuyp,80000,49280,10,0,1,,,1762167881
6750572557c1f,Hạt khử mùi cát mèo,chai,30000,20000,2,0,0,,,1734454306
6750572557c2f,Kem bôi nấm thảo dược cho chó,tuyp,129000,83850,13,0,1,,,1734454444
6750572557c36,Kem bôi nấm thảo dược cho mèo,tuyp,149000,96850,10,0,1,,,1734454449
6750572557c3e,Kem đánh răng,tuyp,65000,39000,1,0,0,,,1734453791
6750572557c46,Khăn lau mắt,hộp,45000,25000,6,0,0,,,1734454794
6750572557c4e,Khăn tắm lớn,cái,45000,35120,3,0,0,,,1734454137
6750572557c57,Khăn tắm nhỏ,cái,35000,20000,5,0,0,,,1734454132
6750572557c5f,Khay vệ sinh chó có thành,cái,150000,72000,1,0,0,,,1734453584
6750572557c67,Khay vệ sinh chó dẹp,cái,150000,72000,0,0,0,,,1734453576
6750572557c6e,Khay vệ sinh mèo,cái,120000,71760,4,0,0,,,1734453625
6750572557c76,Lò xo con chuột,cái,25000,9000,10,0,0,,,1734453773
6750572557c7e,Lõi cào móng,cái,90000,55000,3,0,0,,,1734453548
6750572557c86,Lược chải lông inox,cái,50000,21160,19,0,0,,,1734453830
6750572557c8d,Lược chải xù gỡ rối,cái,40000,10000,7,0,0,,,1734453802
6750572557c96,Lược nút bấm,cái,70000,35000,11,0,0,,,1734453822
6750572557c9e,Me-O mèo con 400gr,gói,45000,39000,19,0,1,,,1734448599
6750572557ca6,Me-O mèo lớn 350gr,gói,28000,22750,160,0,1,,,1734452154
6750572557cae,Me-O mother&baby cat 400gr,gói,55000,53000,9,0,1,,,1734448524
6750572557cb6,Minino tuna 1.3kg,túi,80000,66333,10,0,1,,,1734449075
6750572557cbd,Minino Tuna 480gr,gói,30000,24940,27,0,1,,,1734449060
6750572557cc6,Minino yum salmon 1.5kg,túi,120000,95400,3,0,1,,,1734449010
6750572557ccf,Minino yum salmon 350gr,gói,28000,22600,23,0,1,,,1734448990
6750572557cd7,Minino yum seafood 1.5kg,túi,115000,92400,4,0,1,,,1734449043
6750572557cdf,Minino yum seafood 350gr,gói,27000,22000,23,0,1,,,1734450333
6750572557ce6,Nệm tròn L,cái,150000,118000,3,0,0,,,1734454825
6750572557cee,Nệm tròn M,cái,120000,88000,3,0,0,,,1734454834
6750572557cf6,Nhà cào móng,cái,190000,160000,2,0,0,,,1734453558
6750572557cfe,Nhà vệ sinh bầu dục lớn,cái,270000,155000,0,0,0,,,1734453448
6750572557d05,Nhà vệ sinh bầu dục nhỏ,cái,250000,180000,2,0,0,,,1734453444
6750572557d0f,Nhà vệ sinh vuông size lớn,cái,380000,280000,4,0,1,,,1734453522
6750572557d16,Nhỏ gáy Imida cho mèo 0.9-2.3kg,tuyp,25000,15500,36,0,1,,,1734454515
6750572557d1e,Nhỏ gáy Imida cho mèo 2.3-4kg,tuyp,35000,20460,25,0,1,,,1734454520
6750572557d26,Nhỏ gáy Spreadline cho mèo 0.3ml,tuyp,90000,55800,14,0,1,,,1734454472
6750572557d2e,Nhỏ gáy Spreadline cho mèo 0.9ml,tuyp,120000,74400,12,0,1,,,1734454467
6750572557d3d,Nước hoa chó VMD,chai,170000,135680,0,0,1,,,1734454071
6750572557d46,Nước hoa Dimond 5ml,chai,40000,23000,0,0,0,,,1734454080
6750572557d4e,Nước hoa mèo VMD,chai,190000,125440,0,0,1,,,1734454066
6750572557d56,Pate chó gói Pedigree 130gr,gói,20000,15100,0,0,1,,,1735968278
6750572557d5e,Pate chó gói Pedigree 80gr,gói,15000,9500,25,0,1,,,1735968289
6750572557d66,Pate chó lon Hug,lon,33000,28000,0,0,1,,,1734450709
6750572557d6d,Pate chó lon Smartheart,lon,39000,32000,26,0,1,,,1779593914
6750572557d75,Pate chó mèo lon King's pet,lon,42000,35000,18,0,1,,,1779594822
6750572557d7d,Pate mèo gói Me-O,gói,15000,10800,21,0,1,,,1734451759
6750572557d86,Pate mèo gói Meowcat,gói,13000,9500,0,0,1,,,1734451935
6750572557d8e,Pate mèo gói Nekko ,gói,17000,13900,267,0,1,,,1734451748
6750572557d96,Pate mèo gói Snappy Tom,gói,15000,11500,14,0,1,,,1735968305
6750572557d9d,Pate mèo gói Snappy Tom trái cây,gói,16000,13500,26,0,1,,,1742268051
6750572557da5,Pate mèo gói Wanpy,gói,13000,10800,15,0,1,,,1734451917
6750572557dad,Pate mèo gói Whiskas,gói,13000,10000,237,0,1,,,1734451692
6750572557db5,Pate mèo gói Whiskas Tasty,gói,19000,14500,0,0,1,,,1734451909
6750572557dbe,Pate mèo lon Snappy Tom,lon,38000,29000,26,0,1,,,1734450659
6750572557dc5,Pate mèo lon Whiskas,lon,40000,32800,27,0,1,,,1734450678
6750572557dce,Relex cho mèo lớn vị cá hồi & cá cơm 2kg,túi,185000,181000,0,0,1,,,1734448909
6750572557dd6,Relex mèo con vị gà gạo 2kg,túi,175000,160000,0,0,1,,,1734454850
6750572557ddd,Relex mèo lớn triệt sản 2kg,túi,180000,176000,0,0,1,,,1734448814
6750572557de5,Relex mèo lớn vị gà gạo 2kg,túi,170000,153000,0,0,1,,,1734454868
6750572557ded,Relex Plus cho mèo kén ăn vị cá hồi 1.5kg,gói,200000,183000,0,0,1,,,1734448882
6750572557df5,Relex Plus dưỡng lông 1.5kg,gói,210000,192000,0,0,1,,,1734454875
6750572557dfe,Relex Plus hỗ trợ bệnh sỏi thận vị gà 1.5kg,túi,185000,170000,2,0,1,,,1779593885
6750572557e06,Relex Plus mèo con vị gà 1.5kg ,túi,155000,140000,0,0,1,,,
6750572557e0e,Relex Plus mèo lớn vị gà 1.5kg ,túi,155000,147000,2,0,1,,,1734448725
6750572557e16,Relex Plus mother&baby 1.5kg,gói,210000,192000,0,0,1,,,1734448777
6750572557e1d,Relex Plus tiêu búi lông vị cá hồi 1.5kg,túi,200000,183000,0,0,1,,,1734454907
6750572557e25,Relex Plus vị cá hồi 1.5kg,túi,165000,148000,0,0,1,,,1734448759
6750572557e2d,Rọ mõm da L,cái,70000,48000,5,0,0,,,1734454372
6750572557e35,Rọ mõm da M,cái,60000,40000,8,0,0,,,1734454364
6750572557e3e,Rọ mõm da S,cái,50000,32000,3,0,0,,,1734454342
6750572557e46,Rọ mõm da XL,cái,80000,65000,5,0,0,,,1734454359
6750572557e4d,Rọ mõm da XS,cái,40000,25000,5,0,0,,,1734454331
6750572557e55,Royal Kitten/ Mother & baby cat 2kg,gói,615000,471000,3,0,1,,,1762168033
6750572557e5d,Royal Kitten/ Mother&baby cat 400gr,túi,140000,120000,4,0,1,,,1762168003
6750572557e65,Shizuka,thanh,2000,1000,981,0,0,,,1734452820
6750572557e6c,Smartheart bò 1.5kg,gói,95000,77000,12,0,1,,,1759461625
6750572557e76,Smartheart bò 400gr,gói,27000,21500,32,0,1,,,1759461593
6750572557e7f,Smartheart pp 1.3kg,gói,100000,82000,26,0,1,,,1759461577
6750572557e87,Smartheart pp 400gr,gói,32000,25900,100,0,1,,,1759461402
6750572557e8e,Smartheart Small 1.3kg,gói,100000,82000,13,0,1,,,1759461553
6750572557e96,Smartheart Small 400gr,gói,32000,25900,48,0,1,,,1759461382
6750572557e9e,ST Diva,chai,160000,130000,2,0,1,,,1734454247
6750572557ea6,ST FAY 4 sao,chai,80000,57000,0,0,1,,,1734454168
6750572557ead,ST FAY chó con,chai,80000,41600,0,0,1,,,1734454219
6750572557eb6,ST FAY siêu mượt,chai,80000,55900,0,0,1,,,1734454227
6750572557ebe,ST J&D,chai,180000,149000,0,0,1,,,1734454270
6750572557ec6,ST khô Bubble Bath,chai,100000,63360,0,0,1,,,1734454210
6750572557ece,ST Micona,chai,145000,87000,14,0,1,,,1734454199
6750572557ed6,ST Oliver,chai,50000,27000,33,0,1,,,1734454159
6750572557edd,ST Pet Gel ,chai,175000,145000,3,0,1,,,1734454185
6750572557ee5,ST SOS ,chai,90000,70000,21,0,1,,,1734454263
6750572557eee,ST Vime trong,chai,70000,43400,22,0,1,,,1734454238
6750572557ef5,Sữa Bio,gói,35000,26500,20,0,1,,,1734450909
6750572557efd,Sữa Canine,gói,53000,32860,15,0,1,,,1734450892
6750572557f04,Sữa Feline,gói,56000,34720,18,0,1,,,1734450899
6750572557f0c,Súp thưởng Wanpy nắp vặn,gói,20000,13500,43,0,1,,,1734450758
6750572557f14,Tả Bỉm cái size L,cái,12000,6900,32,0,0,,,1734453939
6750572557f1b,Tả Bỉm cái size M,cái,10000,6400,26,0,0,,,1734453929
6750572557f23,Tả Bỉm cái size S,cái,8000,4333,29,0,0,,,1734453921
6750572557f2c,Tả Bỉm cái size XS,cái,6000,3920,24,0,0,,,1734453915
6750572557f34,Tả Bỉm đực size L,cái,10000,7080,25,0,0,,,1734453964
6750572557f3c,Tả Bỉm đực size M,cái,9000,6670,6,0,0,,,1734453958
6750572557f44,Tả Bỉm đực size S,cái,8000,6250,32,0,0,,,1734453948
6750572557f4c,Tả Bỉm đực size XL,cái,11000,7500,11,0,0,,,1734453971
6750572557f5b,Tháp banh,cái,120000,65000,2,0,0,,,1734453985
6750572557f64,Tháp banh kèm lò xo,cái,120000,67000,1,0,0,,,1734453776
6750572557f6c,Thịt sấy khô ,gói,20000,11700,12,54,0,,,1734450879
6750572557f73,Thuốc nhỏ mắt Genta,chai,20000,8631,26,0,1,,,1734454428
6750572557f7b,Thuốc nhỏ tai,chai,40000,24960,6,0,1,,,1734454423
6750572557f83,Túi vận chuyển hình thú cute size L,cái,160000,105000,1,0,0,,,1734452718
6750572557f8b,Túi vận chuyển hình thú cute size S,cái,120000,70000,0,0,0,,,1734452697
6750572557f92,Túi vận chuyển họa tiết size L,cái,160000,87000,1,0,0,,,1742268090
6750572557f9a,Túi vận chuyển họa tiết size M,cái,140000,87000,1,0,0,,,1742268083
6750572557fab,Túi vận chuyển họa tiết size S,cái,120000,87000,1,0,0,,,1742268076
6750572557fc2,Vaccine 4 bệnh,liều,230000,100000,32,0,0,,,1734452338
6750572557fca,Vaccine 5 bệnh,liều,150000,97000,27,0,1,,,1734452323
6750572557fd2,Vaccine 7 bệnh,liều,170000,92000,34,0,1,,,1734452316
6750572557fda,Vaccine dại,liều,30000,18000,13,0,1,,,1734452330
6750572557fe3,Váy công chúa ,cái,180000,150000,2,0,0,,,1734454950
6750572557feb,Váy dâu tây ,cái,80000,62000,1,0,0,,,1734454960
6750572557ff2,Vime Frondog ,chai,160000,101760,4,0,1,,,1734454317
6750572558002,Vòng chống liếm số 4,cái,70000,32600,0,0,0,,,1734451464
675057255800a,Vòng cổ 7 màu 1.0,cái,18000,6000,2,0,0,,,1734452860
6750572558011,Vòng cổ da chuông size lớn,cái,50000,26980,4,0,0,,,1734452940
6750572558019,Vòng cổ da chuông size nhỏ,cái,40000,19100,0,0,0,,,1734452933
6750572558022,Vòng cổ dù ,cái,20000,10000,8,0,0,,,1734454976
675057255802a,Vòng cổ nhiều chuông,cái,25000,6000,6,0,0,,,1734452905
6750572558032,vòng cổ policedog 1.5,cái,30000,13000,5,0,0,,,1734452490
675057255803a,Vòng cổ Policedog 2.0,cái,40000,16000,6,0,0,,,1734452498
6750572558041,Vòng cổ Policedog 2.5,cái,50000,20000,13,0,0,,,1734452505
6750572558049,Vòng cổ zichen 1.0,cái,20000,6000,36,0,0,,,1734452870
6750572558051,Vòng cổ zichen 1.5,cái,30000,8000,9,0,0,,,1734452876
675057255805a,Vòng loa chống liếm số 1,cái,65000,39000,1,0,0,,,1734451476
6750572558062,Vòng loa chống liếm số 3,cái,55000,23000,3,0,0,,,1734451494
675057255806a,Vòng loa chống liếm số 4,cái,50000,18000,3,0,0,,,1734451503
6750572558072,Vòng loa chống liếm số 5,cái,45000,16000,1,0,0,,,1734451511
6750572558079,Vòng loa chống liếm số 7,cái,35000,8000,0,0,0,,,1734451530
6750572558081,Vòng loa chống liếm số 8,cái,30000,8000,3,0,0,,,1734451546
6750572558089,Vòng thổ cẩm,cái,45000,23000,0,0,0,,,1734452952
6750572558090,Whiskas 1+ 400gr,gói,37000,29000,12,0,1,,,1762167901
6750572558099,"Whiskas 1+/2-12 (1,1kg/1,2kg)",túi,110000,100000,11,0,1,,,1782998356
67505725580a1,Whiskas 2-12 450gr,gói,52000,50000,20,0,1,,,1734449459
67505725580a9,Xẻng xúc cát lớn,cái,20000,6500,8,0,0,,,1734453638
67505725580b1,xẻng xúc cát nhỏ ,cái,15000,0,0,0,0,,,1734453644
67505725580b8,Xịt khử khuẩn,chai,80000,50000,2,0,0,,,1762167929
67505725580c0,Xịt nấm Fungikur,chai,105000,75000,8,0,0,,,1734454012
67505725580c8,Xịt viêm da mủ Fabricil,chai,100000,75000,4,0,0,,,1734454024
67505725580d0,Xúc xích Taotao pet,cây,3000,1440,454,0,0,,,1734450774
67505725580d9,Xương nơ sữa DoggyMan,gói,40000,25000,0,0,0,,,1734450724
67505725580e1,Xương Orgo,gói,25000,17500,19,0,0,,,1734450631
67505725580e9,Zenith hạt mềm chó 300gr,gói,55000,47500,10,0,1,,,1734449158
67505725580f0,Zenith hạt mềm chó 500gr,gói,85000,73333,12,0,1,,,1734449178
67505725580f8,Zenith hạt mềm mèo 300gr,gói,60000,53750,0,0,1,,,1734449104
6750572558100,Ganador chó lớn vị bò nướng 3kg,gói,135000,99800,0,0,1,,,
6750572558107,Ganador chó lớn vị gà nướng 3kg,gói,135000,99800,0,0,1,,,1734451568
6750572558111,Ganador chó lớn vị cá hồi 3kg,gói,180000,126300,1,0,1,,,
6750572558118,Vòng loa chống liếm số 6,cái,40000,13000,7,0,0,,,1734451521
6750572558127,Xịt ve rận Hanvet,chai,35000,16000,12,0,1,,,1734454035
675057255812f,Xịt viêm da Hanvet,chai,40000,21000,8,0,1,,,1734454040
6750572558137,Pate chó gói Smartheart,gói,18000,14400,52,0,1,,,1734450820
675057255813e,Vaccine nấm chó mèo,liều,150000,85000,0,0,0,,,1734452350
6750572558146,Gà viên sấy khô Lishi 500g,liều,180000,125000,15,0,0,,,1734455023
675057255814f,Bát nhựa đôi vuông size nhỏ,cái,40000,23000,0,0,0,,,1734450931
6750572558157,Bát nhựa đôi vuông size trung,cái,50000,28000,0,0,0,,,1734450940
675057255815f,Bát nhựa đôi vuông size lớn,cái,65000,33000,2,0,0,,,1734450949
6750572558166,Catpy 500g,gói,53000,39000,1,47,1,,,1759738706
675057255816e,Catpy 1kg,gói,100000,78000,3,52,1,,,1759738725
6750572558176,Cát đậu nành cung đình ,gói,66000,56000,0,0,1,,,1734451332
675057255817e,Ganador chó lớn vị cừu & gạo 3kg,gói,155000,125000,0,0,1,,,
6750572558187,Bát nhựa đôi tròn,cái,40000,23000,0,0,0,,,1734451029
675057255818f,Vòng loa chống liếm số 2,cái,60000,33000,0,0,0,,,1734451485
6750572558196,Dây xích hàn lớn,cái,60000,25000,7,0,0,,,1734453034
675057255819e,Túi vận chuyển hình thú cute size M,cái,140000,90000,1,0,0,,,1734452724
67505725581a6,Túi hộp gấp gọn size S,cái,160000,99000,1,0,0,,,1734452674
67505725581ad,Túi hộp gấp gọn size M,cái,180000,110000,1,0,0,,,1734452681
67505725581b5,Lồng vận chuyển size S,cái,250000,190000,2,0,0,,,1734455042
67505725581bd,Lồng vận chuyển size M,cái,300000,240000,2,0,0,,,
67505725581c6,Dây chuyền bạc lớn,cái,45000,22000,9,0,0,,,1734453718
67505725581ce,Dây chuyền bạc nhỏ,cái,35000,18000,15,0,0,,,1734453746
67505725581d6,Que gặm DoggyMan,gói,50000,39750,7,0,0,,,1734450611
6761a771e33d3,Catsrang 5kg,bao,435000,376000,7,-68,1,,1734453105,1779973290
6761a796c4ecc,Catpy 5kg,bao,460000,390000,7,-15,1,,1734453142,1759738679
6761a7fe27b5a,Cat's on 5kg,bao,335000,305000,2,-2,1,,1734453246,1734494632
6761a83636026,Cat's on 20kg,Cái,1200000,1070000,0,-2,1,,1734453302,1745817658
6761a8a8f2fab,Vita Hemo,chai,130000,180000,3,0,1,,1734453416,1734453416
6761af9b784da,Thịt sấy khô lishi hộp không trứng,Hộp,160000,90000,20,-6,0,,1734455195,1734494844
67624434706f8,Vòng cổ kèm chuông đại size XS,Cái,30000,10000,4,0,0,,1734493236,1734494341
67624458c98a2,Vòng cổ kèm chuông đại size S,Cái,35000,12000,2,0,0,,1734493272,1734494421
6762446b18ca9,Vòng cổ kèm chuông đại size M,Cái,40000,16000,1,0,0,,1734493291,1734494442
676244835d6fe,Vòng cổ kèm chuông đại size L,Cái,45000,17000,2,0,0,,1734493315,1734494464
67624520eeaff,Bát nhựa đôi tròn cute size nhỏ,Cái,50000,16000,0,0,0,,1734493472,1734494546
67624532c23a1,Bát nhựa đôi tròn cute size trung,Cái,60000,25000,0,0,0,,1734493490,1734494525
67624545612c7,Bát nhựa đôi tròn cute size lớn,Cái,70000,39000,7,0,0,,1734493509,1734494564
67624762cad1d,Chuông đại,Cái,20000,2500,40,0,0,,1734494050,1734494050
6773be4bf2f74,Áo dài tết hình đồng xu/ hình hạc số 2,Cái,80000,55000,0,0,0,,1735638603,1735638833
6773be6da97d7,Áo dài tết hình đồng xu/ hình hạc số 3,Cái,85000,60000,0,0,0,,1735638637,1735638845
6773be8610d10,Áo dài tết hình đồng xu/ hình hạc số 4,Cái,90000,65000,1,0,0,,1735638662,1735638856
6773bea2b088e,Áo dài tết hình đồng xu/ hình hạc số 5,Cái,95000,70000,1,0,0,,1735638690,1735638868
6773bee3677e1,Áo dài tết hình đồng xu/ hình hạc số 6,Cái,100000,75000,1,0,0,,1735638755,1735638917
6773bf068282d,Áo dài tết hình đồng xu/ hình hạc số 7,Cái,105000,80000,1,0,0,,1735638790,1735638908
6773bfa5cf4ec,Áo dài tết hình đồng xu/ hình hạc số 8,Cái,110000,85000,0,0,0,,1735638949,1735638949
6773bfdf10d17,Áo dài tết hình đồng xu/ hình hạc số 9,Cái,115000,90000,0,0,0,,1735639007,1735639095
6773c018aedcc,Áo dài tam kỳ số 2,Cái,90000,65000,0,0,0,,1735639064,1735639064
6773c02fc2b74,Áo dài tam kỳ số 3,Cái,95000,70000,1,0,0,,1735639087,1735639087
6773c053602c8,Áo dài tam kỳ số 4,Cái,100000,75000,0,0,0,,1735639123,1735639123
6773c07d30c7e,Áo dài tam kỳ số 5,Cái,105000,80000,1,0,0,,1735639165,1735639165
6773c09103c64,Áo dài tam kỳ số 6,Cái,110000,85000,1,0,0,,1735639185,1735639185
6773c0c25616d,Áo dài tam kỳ số 7,Cái,115000,90000,0,0,0,,1735639234,1735639234
6773c0e2ece1a,Áo dài tam kỳ số 8,Cái,120000,95000,0,0,0,,1735639266,1735639266
678e15cbbe269,Bánh cỏ mèo CATNIP,gói,15000,0,0,0,0,,1737364939,1737364939
67c6683f0548c,Wanpy (5thanh),gói,30000,18000,1,0,0,,1741056063,1741056063
67ce513b96543,omega oil 60v,chai,95000,55000,0,0,1,,1741574459,1741574459
67cf9354895b1,Dây dắt kèm yếm vải size S,Cái,60000,49000,3,0,0,,1741656916,1741656916
67cf9386d9cd4,Dây dắt kèm yếm vải size L,Cái,70000,49000,1,0,0,,1741656966,1741656966
67cf939e77ca6,Dây dắt kèm yếm vải size XL,Cái,75000,49000,1,0,0,,1741656990,1741656990
67cf93d2ed940,Võng treo chuồng ,Cái,60000,26000,9,0,0,,1741657042,1741657042
67cf940ea4af1,Áo 2 dây size S,Cái,40000,25000,0,0,0,,1741657102,1741657102
67cf94218ba4d,Áo 2 dây size M,Cái,45000,25000,0,0,0,,1741657121,1741657121
67cf946844aa1,Áo 2 dây size L,Cái,50000,25000,0,0,0,,1741657192,1741657192
67cf949b83289,Bát nhựa gắn chuồng,cái,20000,8000,22,0,0,,1741657243,1741657243
67cf960ad7d10,Áo chống liếm size M,Cái,50000,28000,19,0,0,,1741657610,1741657610
67cf9627f3a14,Áo chống liếm size L,Cái,55000,30000,8,0,0,,1741657639,1741657639
67d647895c354,Que cỏ pet snack,gói,30000,17000,0,0,0,,1742096265,1742096265
681c1cecefba5,Khay vệ sinh mèo size nhỏ,Cái,90000,48000,3,0,0,,1746672876,1746672876
682e927d7f5c3,Vòng cổ policedog 3.0,Cái,60000,24000,4,0,0,,1747882621,1747882621
683d27f708104,ST khô SOS,chai,95000,68000,12,0,1,,1748838391,1748838391
683d281d9d664,Dầu tắm khô VMD,chai,86000,56000,1,0,0,,1748838429,1748838429
683fb3bf9a6bd,Mr. Vet mèo T1,gói,125000,94000,16,0,1,,1749005247,1749007886
683fb3f1bb8a5,Mr. Vet chó D1,gói,140000,110000,6,0,1,,1749005297,1749007897
683fb42016c78,Mymeo 500g,gói,32000,24500,3,0,0,,1749005344,1749007923
683fb440c3199,Bánh quy ,hộp,45000,25000,0,0,0,,1749005376,1749007991
683fb6d34f722,Súp thưởng Mr. Vet mèo (4thanh),gói,20000,7200,1,0,1,,1749006035,1749006035
683fb72686790,Địu dimond L,Cái,160000,95000,2,0,0,,1749006118,1749006118
684e89114a0b2,Áo thun gân size XS,Cái,40000,20000,9,0,0,,1749977361,1749977361
684e893330b02,Áo thun gân size S,Cái,45000,20000,11,0,0,,1749977395,1749977395
68527c42bdedb,Áo thun gân size M,Cái,50000,20000,20,0,0,,1750236226,1750236226
68527c5aa03ff,Áo thun gân size L,Cái,55000,20000,20,0,0,,1750236250,1750236250
68527c800740a,Áo thun gân size XL,Cái,60000,20000,25,0,0,,1750236288,1750236288
68527c933e440,Áo thun gân size 2XL,Cái,65000,20000,16,0,0,,1750236307,1750236307
68527cb6bf377,Áo thun gân size 3XL,Cái,70000,20000,7,0,0,,1750236342,1750236342
6858c134751f8,Phô mai viên cho chó,gói,75000,54000,0,0,1,,1750647092,1750647092
6858c151f0b6b,Mr. Vet mèo T3,gói,140000,110000,-8,0,1,,1750647121,1750647121
6858d21e0d569,Xịt đi vệ sinh đúng chổ Bioline,chai,45000,24000,4,0,0,,1750651422,1750651422
685be67e2a2c6,Bình sữa không hộp nhỏ,cái,25000,9000,10,0,0,,1750853246,1750853246
685be6dc0ff5d,Bình sữa không hộp lớn,Cái,40000,14000,19,0,0,,1750853340,1750853340
6864a4a04929c,Dây dắt kèm yếm vải jean size S,cái,60000,38000,2,0,0,,1751426208,1751426208
6864a4b2ad47c,Dây dắt kèm yếm vải jean size M,Cái,65000,38000,2,0,0,,1751426226,1751426226
6864a4ca23290,Dây dắt kèm yếm vải jean size L,Cái,70000,38000,0,0,0,,1751426250,1751426250
6864a4e704bdf,Dây dắt kèm yếm vải jean size XL,cái,75000,38000,2,0,0,,1751426279,1751426279
6864a50f14a24,Bóng cục xương,cái,30000,17000,12,0,0,,1751426319,1751426319
6864a57fb96f0,Rọ mõm mỏ vịt size S,Cái,30000,11000,3,0,0,,1751426431,1751426431
6864a599ec0f1,Rọ mõm mỏ vịt size M,cái,35000,11000,3,0,0,,1751426457,1751426457
6864a5cc520e8,Rọ mõm cao su size S,cái,60000,32000,1,0,0,,1751426508,1751426508
6864a5dde55ad,Rọ mõm cao su size M,cái,65000,37000,1,0,0,,1751426525,1751426525
6864a5ee6f19f,Rọ mõm cao su size L,cái,70000,42000,1,0,0,,1751426542,1751426542
6864a6ee56876,Dây dắt kèm yếm vải size M,cái,70000,49000,1,0,0,,1751426798,1751426798
686655cd5db7c,Langlike 5kg,gói,380000,325000,7,-28,0,,1751537101,1759738835
686655f7c1699,Langlike 1kg,gói,80000,65000,8,114,0,,1751537143,1759738861
68665612bae83,Langlike 500gr,gói,43000,37500,7,50,0,,1751537170,1759738853
6869e5fc67b1e,Pate mèo gói Mr. Vet,gói,12000,7600,66,0,1,,1751770620,1751770620
6893315599e5b,Tonder disney duck CP 6800,cái,350000,285000,0,0,0,,1754476885,1754476885
68aacc21dc253,Bát nhựa đơn có hình dấu chân size trung,Cái,35000,14000,1,0,0,,1756023841,1756023841
68abee88065a4,Xương gặm da bò (4 cây),gói,45000,21000,4,0,0,,1756098184,1756098184
68abefa95acc1,Bát gắn chuồng có nút vặn size L,cái,70000,35000,0,0,0,,1756098473,1756098473
68abefed2d90d,Bát nhựa đơn có hình dấu chân size nhỏ,cái,25000,9000,14,0,0,,1756098541,1756098541
68abefffb0867,Bát nhựa đơn có hình dấu chân size lớn,cái,45000,16000,10,0,0,,1756098559,1756098559
68abf08c4240b,Bóng lục lạc nhiều màu,cái,30000,9000,21,0,0,,1756098700,1756098700
68c0ed31eafdd,Aino,lọ,1500000,1100000,0,0,0,,1757474097,1757474097
68e3788a023ac,earsol,tuyp,120000,77.4,21,0,1,,1759737994,1759737994
68e64829adad3,Bộ kiềm dũa cắt móng lớn,Cái,65000,27000,4,0,0,,1759922217,1759922217
68ef8ae2da8a3,Túi hộp gấp gọn size L,Cái,200000,145000,0,0,0,,1760529122,1760529122
68f852c0aed2a,Nệm họa tiết vải canvas size S,Cái,70000,40000,2,0,0,,1761104576,1761104576
68f852dfc31b0,Nệm họa tiết vải canvas size M,Cái,100000,67000,0,0,0,,1761104607,1761104607
68f852f751e43,Nệm họa tiết vải canvas size L,Cái,130000,95000,2,0,0,,1761104631,1761104631
68f85520d2655,Ống xilanh kèm núm ti,Cái,20000,10000,10,0,0,,1761105184,1761105184
68f8555d047b2,Áo liền quần có tay size S,Cái,65000,38000,2,0,0,,1761105245,1761105245
68f8556d408a7,Áo liền quần có tay size M,Cái,75000,38000,0,0,0,,1761105261,1761105261
68f85580f2796,Áo liền quần có tay size L,Cái,85000,38000,2,0,0,,1761105280,1761105280
68f85597e629c,Áo liền quần có tay size XL,Cái,95000,38000,0,0,0,,1761105303,1761105303
68f85608f0c86,Dây yếm tròn 1.0,Cái,45000,24000,3,0,0,,1761105416,1761105620
68f85624669c1,Dây yếm tròn 1.5,Cái,60000,28000,3,0,0,,1761105444,1761105635
68f85640bfcd8,Dây yếm tròn 2.0,Cái,75000,35000,3,0,0,,1761105472,1761105644
68f856599da91,Dây yếm tròn 2.5,Cái,90000,45000,2,0,0,,1761105497,1761105654
68f8573fabb62,Con vịt có kèn kêu size 2,Cái,35000,18000,10,0,0,,1761105727,1761105727
68f857700ef62,Áo chống liếm size XL,Cái,60000,32000,5,0,0,,1761105776,1761105776
68f857a2e6d7b,Cây lăn lông,Cái,40000,16000,3,0,0,,1761105826,1761105826
68f858904ea9a,Bát đơn inox size 5,Cái,85000,44000,3,0,0,,1761106064,1761106064
68f858abd1605,Bát đơn inox size 6,Cái,95000,67000,3,0,0,,1761106091,1761106091
68f858ca39403,Dây dắt 2m,cái,60000,33000,5,0,0,,1761106122,1761106122
690b28d24d30e,ST FAY siêu mượt 800ml,chai,160000,124000,2,0,1,,1762339026,1762339026
692e8a39bd920,Thuốc nhỏ mũi VMD,chai,70000,45000,2,0,1,,1764657721,1764657721
693fd655bcc12,Vòng cổ may mắn,cái,45000,20000,17,0,0,,1765791317,1765791317
6952222db9577,Áo thun gân có tay size XS ,cái,45000,25000,0,0,0,,1766990381,1766990381
6952223f2453e,Áo thun gân có tay size S,Cái,50000,25000,0,0,0,,1766990399,1766990399
69522254c40e6,Áo thun gân có tay size M,Cái,55000,25000,0,0,0,,1766990420,1766990420
6952227174a7a,Áo thun gân có tay size L,Cái,60000,25000,0,0,0,,1766990449,1766990449
6952228e47e76,Áo thun gân có tay size XL,Cái,65000,25000,0,0,0,,1766990478,1766990697
695222cf9cfbb,Áo thun gân có tay size XXL,Cái,70000,25000,0,0,0,,1766990543,1766990708
695222e6eed2c,Áo thun gân có tay size 3XL,Cái,70000,25000,0,0,0,,1766990566,1766990566
6952231faba46,Áo thun gân có tay size 4XL,Cái,75000,35000,0,0,0,,1766990623,1766991168
6952234283554,Áo thun gân có tay size 5XL,Cái,75000,35000,0,0,0,,1766990658,1766991161
6952248eeb0cc,omega oil 80v KMAT,chai,90000,46000,0,0,0,,1766990990,1766990990
695224d95e12c,Áo thun gân size 4XL,Cái,70000,30000,0,0,0,,1766991065,1766991065
6952252a23457,Áo thun gân size 5XL,Cái,70000,30000,0,0,0,,1766991146,1766991146
69522577bd17e,Test FPV,Cái,100000,56000,0,0,1,,1766991223,1766991223
695225a6cce6c,Test CPV,Cái,80000,46000,0,0,1,,1766991270,1766991270
695225d12f219,Test CDV,Cái,100000,46000,0,0,1,,1766991313,1766991313
6952260fdab74,Mr. Vet mèo T2,gói,135000,105000,0,0,1,,1766991375,1766991375
6952262f44f35,Súp thưởng Langlike,gói,15000,0,0,0,0,,1766991407,1766991407
69607adad2122,Dầu cá Kamt,chai,90000,46000,5,0,1,,1767930586,1767930586
69607b76ec541,Men gói VMD,gói,7000,4000,299,0,1,,1767930742,1767930742
69607badbe886,Men ống VMD,ống,12000,9000,68,0,1,,1767930797,1767930797
697c3755d64af,Áo lông liền quần có tay size S,Cái,70000,47000,2,0,0,,1769748309,1769748309
697c37696ab21,Áo lông liền quần có tay size M,Cái,80000,47000,2,0,0,,1769748329,1769748329
697c377a0ef9e,Áo lông liền quần có tay size L,Cái,90000,47000,2,0,0,,1769748346,1769748346
697c37923767c,Áo lông liền quần có tay size XL,Cái,100000,47000,2,0,0,,1769748370,1769748370
697c37b781833,Áo lông liền quần có tay size 2XL,Cái,110000,47000,2,0,0,,1769748407,1769748407
697c37d3b2e77,Áo lông liền quần có tay size 3XL,Cái,120000,62000,2,0,0,,1769748435,1769748435
6987f45be23da,xịt khử mùi thú cưng,chai,90000,62000,5,0,0,,1770517595,1770517595
69f804248879b,Que gặm JerHigh,gói,55000,0,3,0,0,,1777861668,1777861668
6a1280488ac5f,Bánh thưởng Mikat,Gói,15000,0,10,0,0,,1779597384,1779597384
6a183f711b32e,"xịt khử mùi chuồng, trại",Chai,90000,50000,6,0,0,,1779974001,1779974001
